Fecha,Ventas de productos encargados,Ventas de productos encargados: B2B,Unidades encargadas,Unidades encargadas - B2B,Total de artículos de un pedido,Total de artículos de un pedido - B2B,Promedio de ventas por artículo,Promedio de ventas por pedido: B2B,Promedio de unidades por pedido,Promedio de unidades por pedido: B2B,Precio de venta medio,Precio de venta medio - B2B,Visitas de página: aplicación de dispositivo móvil	,Visitas: aplicaciones de dispositivos móviles - B2B,Visitas: navegador,Visitas - Navegador - B2B,Visitas: total,Visitas - Total - B2B,Sesiones: aplicaciones de dispositivos móviles,Sesiones: aplicaciones de dispositivos móviles - B2B,Sesiones: navegador,Sesiones - Navegador - B2B,Sesiones: total,Sesiones - Total - B2B,Porcentaje de ofertas destacadas (Buy Box),Porcentaje de ofertas destacadas: B2B,Porcentaje de productos pedidos por sesión,Porcentaje de artículos de un pedido encargados por sesión: B2B,Porcentaje de unidades por sesión,Porcentaje de sesiones de unidades - B2B,Promedio de ofertas,Promedio de productos parent,Unidades reembolsadas,Ratio de reembolsos,Valoraciones recibidas,Valoraciones negativas recibidas,Ratio de valoraciones negativas recibidas,Reclamaciones bajo la Garantía de la A a la Z concedidas,Importe de las reclamaciones,Ventas de productos enviados,Unidades enviadas,Pedidos enviados
1/1/25,"382,00 €","0,00 €",13,0,13,0,"29,38 €","0,00 €",1.00,0.00,"29,38 €","0,00 €",193,2,68,0,261,2,134,2,44,0,178,2,92.38%,100.00%,7.30%,0.00%,7.30%,0.00%,6,6,1,7.69%,0,0,0.00%,0,"0,00 €","0,00 €",0,0
2/1/25,"521,94 €","0,00 €",18,0,18,0,"29,00 €","0,00 €",1.00,0.00,"29,00 €","0,00 €",212,2,92,0,304,2,142,2,72,0,214,2,100.00%,100.00%,8.41%,0.00%,8.41%,0.00%,5,5,3,16.67%,0,0,0.00%,0,"0,00 €","991,15 €",41,41
3/1/25,"158,99 €","0,00 €",4,0,4,0,"39,75 €","0,00 €",1.00,0.00,"39,75 €","0,00 €",91,0,44,0,135,0,64,0,35,0,99,0,99.15%,0.00%,4.04%,0.00%,4.04%,0.00%,5,5,2,50.00%,0,0,0.00%,0,"0,00 €","487,31 €",19,19
4/1/25,"131,96 €","0,00 €",4,0,4,0,"32,99 €","0,00 €",1.00,0.00,"32,99 €","0,00 €",89,4,44,2,133,6,69,3,32,1,101,4,98.31%,100.00%,3.96%,0.00%,3.96%,0.00%,6,5,0,0.00%,0,0,0.00%,0,"0,00 €","34,71 €",1,1
5/1/25,"36,99 €","0,00 €",2,0,2,0,"18,50 €","0,00 €",1.00,0.00,"18,50 €","0,00 €",86,0,31,4,117,4,65,0,24,3,89,3,99.09%,100.00%,2.25%,0.00%,2.25%,0.00%,6,5,1,50.00%,1,0,0.00%,0,"0,00 €","131,96 €",4,4
6/1/25,"186,97 €","0,00 €",6,0,6,0,"31,16 €","0,00 €",1.00,0.00,"31,16 €","0,00 €",112,0,61,0,173,0,77,0,44,0,121,0,100.00%,0.00%,4.96%,0.00%,4.96%,0.00%,5,5,2,33.33%,0,0,0.00%,0,"0,00 €","65,98 €",2,2
7/1/25,"116,99 €","0,00 €",3,0,3,0,"39,00 €","0,00 €",1.00,0.00,"39,00 €","0,00 €",129,2,76,4,205,6,101,2,56,3,157,5,69.79%,40.00%,1.91%,0.00%,1.91%,0.00%,6,6,7,233.33%,0,0,0.00%,0,"0,00 €","209,72 €",8,8
8/1/25,"54,99 €","0,00 €",2,0,2,0,"27,50 €","0,00 €",1.00,0.00,"27,50 €","0,00 €",103,3,68,0,171,3,73,2,47,0,120,2,60.76%,100.00%,1.67%,0.00%,1.67%,0.00%,6,5,0,0.00%,0,0,0.00%,0,"0,00 €","133,68 €",4,4
9/1/25,"107,98 €","0,00 €",3,0,3,0,"35,99 €","0,00 €",1.00,0.00,"35,99 €","0,00 €",92,1,74,2,166,3,68,1,51,1,119,2,70.59%,100.00%,2.52%,0.00%,2.52%,0.00%,8,8,6,200.00%,0,0,0.00%,0,"0,00 €","51,17 €",2,2
10/1/25,"136,99 €","0,00 €",5,0,5,0,"27,40 €","0,00 €",1.00,0.00,"27,40 €","0,00 €",86,3,40,0,126,3,58,2,31,0,89,2,90.99%,0.00%,5.62%,0.00%,5.62%,0.00%,5,5,4,80.00%,0,0,0.00%,0,"0,00 €","102,41 €",4,4
11/1/25,"32,99 €","0,00 €",1,0,1,0,"32,99 €","0,00 €",1.00,0.00,"32,99 €","0,00 €",71,1,27,0,98,1,52,1,21,0,73,1,98.86%,0.00%,1.37%,0.00%,1.37%,0.00%,5,5,1,100.00%,0,0,0.00%,0,"0,00 €","34,71 €",1,1
12/1/25,"203,94 €","32,99 €",8,1,7,1,"29,13 €","32,99 €",1.14,1.00,"25,49 €","32,99 €",137,6,36,1,173,7,86,5,28,1,114,6,77.40%,100.00%,6.14%,16.67%,7.02%,16.67%,5,5,0,0.00%,0,0,0.00%,0,"0,00 €","32,99 €",1,1
13/1/25,"96,99 €","0,00 €",3,0,3,0,"32,33 €","0,00 €",1.00,0.00,"32,33 €","0,00 €",101,3,70,3,171,6,65,3,54,3,119,6,96.00%,100.00%,2.52%,0.00%,2.52%,0.00%,6,6,3,100.00%,0,0,0.00%,0,"0,00 €","270,60 €",10,9
14/1/25,"92,59 €","32,99 €",3,1,3,1,"30,86 €","32,99 €",1.00,1.00,"30,86 €","32,99 €",122,8,66,2,188,10,83,4,51,2,134,6,90.59%,100.00%,2.24%,16.67%,2.24%,16.67%,5,5,1,33.33%,0,0,0.00%,0,"0,00 €","80,53 €",3,3
15/1/25,"126,00 €","0,00 €",3,0,3,0,"42,00 €","0,00 €",1.00,0.00,"42,00 €","0,00 €",137,0,36,3,173,3,91,0,33,3,124,3,99.33%,100.00%,2.42%,0.00%,2.42%,0.00%,5,5,1,33.33%,0,0,0.00%,0,"0,00 €","69,42 €",3,3
16/1/25,"168,00 €","0,00 €",4,0,4,0,"42,00 €","0,00 €",1.00,0.00,"42,00 €","0,00 €",166,3,55,4,221,7,109,2,42,2,151,4,97.24%,100.00%,2.65%,0.00%,2.65%,0.00%,5,5,1,25.00%,0,0,0.00%,0,"0,00 €","138,84 €",4,4
17/1/25,"116,99 €","0,00 €",3,0,3,0,"39,00 €","0,00 €",1.00,0.00,"39,00 €","0,00 €",132,6,65,4,197,10,88,3,47,4,135,7,98.24%,100.00%,2.22%,0.00%,2.22%,0.00%,6,6,1,33.33%,0,0,0.00%,0,"0,00 €","138,84 €",4,4
18/1/25,"338,33 €","0,00 €",10,0,10,0,"33,83 €","0,00 €",1.00,0.00,"33,83 €","0,00 €",230,3,100,2,330,5,161,3,77,2,238,5,96.13%,100.00%,4.20%,0.00%,4.20%,0.00%,10,10,0,0.00%,0,0,0.00%,0,"0,00 €","137,12 €",4,4
19/1/25,"133,65 €","0,00 €",6,0,5,0,"26,73 €","0,00 €",1.20,0.00,"22,28 €","0,00 €",160,4,72,0,232,4,100,2,48,0,148,2,84.54%,25.00%,3.38%,0.00%,4.05%,0.00%,4,4,0,0.00%,0,0,0.00%,0,"0,00 €","122,31 €",4,4
20/1/25,"74,99 €","0,00 €",2,0,2,0,"37,50 €","0,00 €",1.00,0.00,"37,50 €","0,00 €",69,1,35,0,104,1,44,1,28,0,72,1,86.05%,100.00%,2.78%,0.00%,2.78%,0.00%,4,4,1,50.00%,0,0,0.00%,0,"0,00 €","94,96 €",3,3
21/1/25,"65,98 €","0,00 €",2,0,2,0,"32,99 €","0,00 €",1.00,0.00,"32,99 €","0,00 €",37,1,18,2,55,3,28,1,13,1,41,2,97.96%,100.00%,4.88%,0.00%,4.88%,0.00%,4,4,1,50.00%,0,0,0.00%,0,"0,00 €","34,71 €",1,1
22/1/25,"65,98 €","0,00 €",2,0,2,0,"32,99 €","0,00 €",1.00,0.00,"32,99 €","0,00 €",137,1,45,1,182,2,94,1,35,1,129,2,84.62%,100.00%,1.55%,0.00%,1.55%,0.00%,10,10,2,100.00%,0,0,0.00%,0,"0,00 €","65,98 €",2,2
23/1/25,"300,99 €","0,00 €",11,0,10,0,"30,10 €","0,00 €",1.10,0.00,"27,36 €","0,00 €",245,1,95,10,340,11,165,1,84,8,249,9,93.22%,80.00%,4.02%,0.00%,4.42%,0.00%,10,10,0,0.00%,0,0,0.00%,0,"0,00 €","191,66 €",8,7
24/1/25,"110,46 €","0,00 €",5,0,5,0,"22,09 €","0,00 €",1.00,0.00,"22,09 €","0,00 €",213,4,74,7,287,11,151,3,59,6,210,9,99.60%,100.00%,2.38%,0.00%,2.38%,0.00%,10,10,3,60.00%,0,0,0.00%,0,"0,00 €","112,26 €",4,4
25/1/25,"214,00 €","0,00 €",8,0,8,0,"26,75 €","0,00 €",1.00,0.00,"26,75 €","0,00 €",265,2,57,1,322,3,177,2,46,1,223,3,97.32%,100.00%,3.59%,0.00%,3.59%,0.00%,10,10,0,0.00%,0,0,0.00%,0,"0,00 €","114,05 €",6,6
26/1/25,"370,32 €","39,99 €",14,1,14,1,"26,45 €","39,99 €",1.00,1.00,"26,45 €","39,99 €",384,11,115,2,499,13,257,7,88,2,345,9,98.51%,100.00%,4.06%,11.11%,4.06%,11.11%,10,10,0,0.00%,0,0,0.00%,0,"0,00 €","236,37 €",11,11
27/1/25,"280,00 €","0,00 €",12,0,11,0,"25,45 €","0,00 €",1.09,0.00,"23,33 €","0,00 €",269,10,119,19,388,29,164,5,88,12,252,17,97.49%,87.50%,4.37%,0.00%,4.76%,0.00%,10,10,0,0.00%,0,0,0.00%,0,"0,00 €","368,59 €",19,19
28/1/25,"164,99 €","0,00 €",7,0,7,0,"23,57 €","0,00 €",1.00,0.00,"23,57 €","0,00 €",189,0,71,3,260,3,128,0,57,3,185,3,94.62%,100.00%,3.78%,0.00%,3.78%,0.00%,10,10,0,0.00%,0,0,0.00%,0,"0,00 €","244,63 €",13,12
29/1/25,"398,98 €","61,99 €",17,2,16,2,"24,94 €","31,00 €",1.06,1.00,"23,47 €","31,00 €",286,4,115,12,401,16,185,3,91,7,276,10,96.24%,100.00%,5.80%,20.00%,6.16%,20.00%,10,10,1,5.88%,0,0,0.00%,0,"0,00 €","249,51 €",12,12
30/1/25,"433,32 €","16,53 €",17,1,16,1,"27,08 €","16,53 €",1.06,1.00,"25,49 €","16,53 €",288,5,137,4,425,9,188,2,108,3,296,5,97.80%,80.00%,5.41%,20.00%,5.74%,20.00%,10,10,2,11.76%,0,0,0.00%,0,"0,00 €","292,56 €",15,15
31/1/25,"400,00 €","0,00 €",16,0,16,0,"25,00 €","0,00 €",1.00,0.00,"25,00 €","0,00 €",248,4,100,7,348,11,173,4,76,5,249,9,97.39%,87.50%,6.43%,0.00%,6.43%,0.00%,10,10,0,0.00%,0,0,0.00%,0,"0,00 €","376,85 €",18,17
1/2/25,"411,45 €","0,00 €",14,0,14,0,"29,39 €","0,00 €",1.00,0.00,"29,39 €","0,00 €",325,2,85,2,410,4,226,1,67,1,293,2,98.57%,100.00%,4.78%,0.00%,4.78%,0.00%,10,10,0,0.00%,0,0,0.00%,0,"0,00 €","202,46 €",10,10
2/2/25,"218,36 €","0,00 €",9,0,9,0,"24,26 €","0,00 €",1.00,0.00,"24,26 €","0,00 €",423,1,84,3,507,4,287,1,75,3,362,4,97.70%,100.00%,2.49%,0.00%,2.49%,0.00%,10,10,1,11.11%,1,0,0.00%,0,"0,00 €","309,08 €",14,14
3/2/25,"357,98 €","0,00 €",13,0,13,0,"27,54 €","0,00 €",1.00,0.00,"27,54 €","0,00 €",331,3,127,15,458,18,224,3,98,8,322,11,95.19%,50.00%,4.04%,0.00%,4.04%,0.00%,10,10,0,0.00%,0,0,0.00%,0,"0,00 €","327,27 €",13,13
4/2/25,"364,46 €","22,00 €",12,1,12,1,"30,37 €","22,00 €",1.00,1.00,"30,37 €","22,00 €",384,5,141,6,525,11,248,4,118,6,366,10,95.95%,75.00%,3.28%,10.00%,3.28%,10.00%,10,10,2,16.67%,0,0,0.00%,0,"0,00 €","339,58 €",13,13
5/2/25,"705,45 €","0,00 €",24,0,24,0,"29,39 €","0,00 €",1.00,0.00,"29,39 €","0,00 €",353,2,148,1,501,3,245,2,121,1,366,3,95.56%,100.00%,6.56%,0.00%,6.56%,0.00%,10,10,2,8.33%,0,0,0.00%,0,"0,00 €","454,54 €",21,21
6/2/25,"443,98 €","0,00 €",15,0,15,0,"29,60 €","0,00 €",1.00,0.00,"29,60 €","0,00 €",281,4,134,9,415,13,204,3,106,8,310,11,96.35%,100.00%,4.84%,0.00%,4.84%,0.00%,10,10,1,6.67%,0,0,0.00%,0,"0,00 €","449,51 €",17,17
7/2/25,"443,52 €","0,00 €",17,0,16,0,"27,72 €","0,00 €",1.06,0.00,"26,09 €","0,00 €",241,3,107,1,348,4,160,2,83,1,243,3,97.64%,100.00%,6.58%,0.00%,7.00%,0.00%,10,10,0,0.00%,0,0,0.00%,0,"0,00 €","292,49 €",14,13
8/2/25,"264,99 €","0,00 €",10,0,10,0,"26,50 €","0,00 €",1.00,0.00,"26,50 €","0,00 €",245,1,96,2,341,3,176,1,77,2,253,3,98.62%,100.00%,3.95%,0.00%,3.95%,0.00%,10,10,1,10.00%,0,0,0.00%,0,"0,00 €","268,58 €",12,12
9/2/25,"425,98 €","32,99 €",15,1,15,1,"28,40 €","32,99 €",1.00,1.00,"28,40 €","32,99 €",349,3,95,0,444,3,234,1,78,0,312,1,97.56%,100.00%,4.81%,100.00%,4.81%,100.00%,10,10,0,0.00%,0,0,0.00%,0,"0,00 €","266,92 €",11,11
10/2/25,"452,00 €","0,00 €",16,0,16,0,"28,25 €","0,00 €",1.00,0.00,"28,25 €","0,00 €",304,1,88,4,392,5,201,1,80,4,281,5,95.69%,100.00%,5.69%,0.00%,5.69%,0.00%,9,9,1,6.25%,0,0,0.00%,0,"0,00 €","348,62 €",14,14
11/2/25,"337,46 €","22,00 €",13,1,12,1,"28,12 €","22,00 €",1.08,1.00,"25,96 €","22,00 €",230,2,101,8,331,10,161,1,81,6,242,7,83.05%,100.00%,4.96%,14.29%,5.37%,14.29%,8,8,1,7.69%,0,0,0.00%,0,"0,00 €","370,24 €",15,15
12/2/25,"156,00 €","0,00 €",6,0,6,0,"26,00 €","0,00 €",1.00,0.00,"26,00 €","0,00 €",286,6,110,7,396,13,197,4,86,4,283,8,83.14%,100.00%,2.12%,0.00%,2.12%,0.00%,12,10,0,0.00%,0,0,0.00%,0,"0,00 €","195,03 €",9,9
13/2/25,"513,94 €","40,00 €",18,2,17,1,"30,23 €","40,00 €",1.06,2.00,"28,55 €","20,00 €",256,3,126,2,382,5,186,3,98,2,284,5,93.77%,100.00%,5.99%,20.00%,6.34%,40.00%,12,10,0,0.00%,0,0,0.00%,0,"0,00 €","225,60 €",11,11
14/2/25,"289,97 €","0,00 €",10,0,10,0,"29,00 €","0,00 €",1.00,0.00,"29,00 €","0,00 €",243,3,99,5,342,8,166,3,74,4,240,7,86.94%,100.00%,4.17%,0.00%,4.17%,0.00%,12,10,1,10.00%,0,0,0.00%,0,"0,00 €","302,43 €",12,12
15/2/25,"252,44 €","0,00 €",9,0,8,0,"31,56 €","0,00 €",1.12,0.00,"28,05 €","0,00 €",268,0,111,2,379,2,192,0,86,2,278,2,80.30%,100.00%,2.88%,0.00%,3.24%,0.00%,12,10,1,11.11%,0,0,0.00%,0,"0,00 €","195,03 €",8,7
16/2/25,"327,97 €","0,00 €",12,0,12,0,"27,33 €","0,00 €",1.00,0.00,"27,33 €","0,00 €",423,7,158,12,581,19,269,5,117,7,386,12,79.14%,55.56%,3.11%,0.00%,3.11%,0.00%,12,10,0,0.00%,1,0,0.00%,0,"0,00 €","299,12 €",13,13
17/2/25,"335,97 €","0,00 €",13,0,12,0,"28,00 €","0,00 €",1.08,0.00,"25,84 €","0,00 €",312,8,154,8,466,16,211,4,113,8,324,12,83.70%,80.00%,3.70%,0.00%,4.01%,0.00%,12,10,2,15.38%,0,0,0.00%,0,"0,00 €","213,21 €",11,10
18/2/25,"475,34 €","0,00 €",15,0,14,0,"33,95 €","0,00 €",1.07,0.00,"31,69 €","0,00 €",285,3,160,5,445,8,191,3,116,3,307,6,88.86%,100.00%,4.56%,0.00%,4.89%,0.00%,12,10,0,0.00%,0,0,0.00%,0,"0,00 €","540,42 €",23,22
19/2/25,"487,30 €","22,00 €",20,1,19,1,"25,65 €","22,00 €",1.05,1.00,"24,36 €","22,00 €",288,3,161,12,449,15,186,2,115,8,301,10,84.07%,77.78%,6.31%,10.00%,6.64%,10.00%,12,10,3,15.00%,0,0,0.00%,0,"0,00 €","205,74 €",8,8
20/2/25,"358,94 €","0,00 €",11,0,11,0,"32,63 €","0,00 €",1.00,0.00,"32,63 €","0,00 €",236,14,98,5,334,19,172,9,72,4,244,13,93.56%,100.00%,4.51%,0.00%,4.51%,0.00%,12,10,1,9.09%,0,0,0.00%,0,"0,00 €","457,76 €",22,22
21/2/25,"497,31 €","20,00 €",18,1,18,1,"27,63 €","20,00 €",1.00,1.00,"27,63 €","20,00 €",348,0,162,3,510,3,226,0,129,2,355,2,87.56%,100.00%,5.07%,50.00%,5.07%,50.00%,11,9,0,0.00%,0,0,0.00%,0,"0,00 €","295,82 €",12,12
22/2/25,"276,31 €","20,00 €",11,1,11,1,"25,12 €","20,00 €",1.00,1.00,"25,12 €","20,00 €",315,8,88,4,403,12,186,4,68,4,254,8,89.22%,83.33%,4.33%,12.50%,4.33%,12.50%,11,9,1,9.09%,0,0,0.00%,0,"0,00 €","196,61 €",9,9
23/2/25,"253,97 €","0,00 €",9,0,9,0,"28,22 €","0,00 €",1.00,0.00,"28,22 €","0,00 €",313,0,127,4,440,4,191,0,101,4,292,4,84.66%,50.00%,3.08%,0.00%,3.08%,0.00%,11,9,0,0.00%,0,0,0.00%,0,"0,00 €","173,55 €",9,9
24/2/25,"452,30 €","0,00 €",18,0,17,0,"26,61 €","0,00 €",1.06,0.00,"25,13 €","0,00 €",315,4,165,2,480,6,209,3,130,2,339,5,88.62%,50.00%,5.01%,0.00%,5.31%,0.00%,11,9,0,0.00%,0,0,0.00%,0,"0,00 €","470,98 €",18,18
25/2/25,"511,96 €","39,99 €",20,1,19,1,"26,95 €","39,99 €",1.05,1.00,"25,60 €","39,99 €",339,16,112,4,451,20,219,11,89,4,308,15,88.48%,80.00%,6.17%,6.67%,6.49%,6.67%,12,9,1,5.00%,0,0,0.00%,0,"0,00 €","327,27 €",17,17
26/2/25,"403,95 €","39,99 €",14,1,14,1,"28,85 €","39,99 €",1.00,1.00,"28,85 €","39,99 €",269,8,121,5,390,13,180,5,82,3,262,8,84.64%,60.00%,5.34%,12.50%,5.34%,12.50%,12,9,0,0.00%,0,0,0.00%,0,"0,00 €","368,56 €",17,17
27/2/25,"412,64 €","0,00 €",13,0,13,0,"31,74 €","0,00 €",1.00,0.00,"31,74 €","0,00 €",295,2,94,8,389,10,194,1,76,6,270,7,92.15%,100.00%,4.81%,0.00%,4.81%,0.00%,12,9,1,7.69%,0,0,0.00%,0,"0,00 €","495,78 €",20,19
28/2/25,"252,32 €","0,00 €",10,0,10,0,"25,23 €","0,00 €",1.00,0.00,"25,23 €","0,00 €",216,2,115,4,331,6,145,2,80,4,225,6,91.07%,100.00%,4.44%,0.00%,4.44%,0.00%,12,9,1,10.00%,0,0,0.00%,0,"0,00 €","289,23 €",13,13
1/3/25,"341,96 €","22,00 €",12,1,12,1,"28,50 €","22,00 €",1.00,1.00,"28,50 €","22,00 €",332,2,91,2,423,4,212,1,65,1,277,2,93.00%,100.00%,4.33%,50.00%,4.33%,50.00%,12,9,0,0.00%,0,0,0.00%,0,"0,00 €","168,57 €",7,7
2/3/25,"366,05 €","0,00 €",13,0,13,0,"28,16 €","0,00 €",1.00,0.00,"28,16 €","0,00 €",360,8,136,9,496,17,255,6,96,4,351,10,90.28%,71.43%,3.70%,0.00%,3.70%,0.00%,11,9,0,0.00%,0,0,0.00%,0,"0,00 €","222,46 €",10,10
3/3/25,"558,06 €","0,00 €",21,0,20,0,"27,90 €","0,00 €",1.05,0.00,"26,57 €","0,00 €",339,6,139,6,478,12,228,2,111,6,339,8,89.90%,100.00%,5.90%,0.00%,6.19%,0.00%,11,9,0,0.00%,0,0,0.00%,0,"0,00 €","629,66 €",26,26
4/3/25,"450,63 €","39,99 €",14,1,14,1,"32,19 €","39,99 €",1.00,1.00,"32,19 €","39,99 €",299,19,198,6,497,25,194,8,108,6,302,14,80.00%,83.33%,4.64%,7.14%,4.64%,7.14%,10,8,0,0.00%,1,0,0.00%,0,"0,00 €","381,69 €",16,15
5/3/25,"291,28 €","0,00 €",11,0,11,0,"26,48 €","0,00 €",1.00,0.00,"26,48 €","0,00 €",249,18,102,4,351,22,168,7,85,3,253,10,94.84%,100.00%,4.35%,0.00%,4.35%,0.00%,10,8,1,9.09%,1,0,0.00%,0,"0,00 €","236,11 €",10,10
6/3/25,"409,14 €","0,00 €",15,0,15,0,"27,28 €","0,00 €",1.00,0.00,"27,28 €","0,00 €",354,5,124,3,478,8,198,3,86,2,284,5,97.90%,100.00%,5.28%,0.00%,5.28%,0.00%,10,8,1,6.67%,0,0,0.00%,0,"0,00 €","309,04 €",14,14
7/3/25,"241,46 €","0,00 €",10,0,9,0,"26,83 €","0,00 €",1.11,0.00,"24,15 €","0,00 €",237,2,105,0,342,2,146,1,81,0,227,1,99.31%,0.00%,3.96%,0.00%,4.41%,0.00%,10,8,1,10.00%,0,0,0.00%,0,"0,00 €","230,75 €",11,11
8/3/25,"499,21 €","0,00 €",18,0,18,0,"27,73 €","0,00 €",1.00,0.00,"27,73 €","0,00 €",174,3,63,0,237,3,116,3,49,0,165,3,98.48%,100.00%,10.91%,0.00%,10.91%,0.00%,10,8,0,0.00%,0,0,0.00%,0,"0,00 €","305,32 €",13,12
9/3/25,"309,18 €","22,00 €",12,1,12,1,"25,76 €","22,00 €",1.00,1.00,"25,76 €","22,00 €",301,5,101,3,402,8,183,2,76,2,259,4,96.01%,80.00%,4.63%,25.00%,4.63%,25.00%,9,8,1,8.33%,0,0,0.00%,0,"0,00 €","251,83 €",13,13
10/3/25,"468,02 €","0,00 €",19,0,19,0,"24,63 €","0,00 €",1.00,0.00,"24,63 €","0,00 €",208,0,83,5,291,5,132,0,69,3,201,3,94.47%,40.00%,9.45%,0.00%,9.45%,0.00%,9,8,1,5.26%,0,0,0.00%,0,"0,00 €","400,30 €",19,19
11/3/25,"384,86 €","22,00 €",16,1,16,1,"24,05 €","22,00 €",1.00,1.00,"24,05 €","22,00 €",166,0,96,14,262,14,115,0,67,7,182,7,93.28%,53.85%,8.79%,14.29%,8.79%,14.29%,8,8,2,12.50%,0,0,0.00%,0,"0,00 €","473,68 €",21,21
12/3/25,"317,41 €","0,00 €",13,0,13,0,"24,42 €","0,00 €",1.00,0.00,"24,42 €","0,00 €",180,0,111,23,291,23,102,0,70,8,172,8,95.97%,46.15%,7.56%,0.00%,7.56%,0.00%,8,8,2,15.38%,0,0,0.00%,0,"0,00 €","266,26 €",14,14
13/3/25,"373,60 €","0,00 €",15,0,15,0,"24,91 €","0,00 €",1.00,0.00,"24,91 €","0,00 €",241,1,114,20,355,21,142,1,71,8,213,9,93.77%,68.75%,7.04%,0.00%,7.04%,0.00%,10,7,2,13.33%,0,0,0.00%,0,"0,00 €","349,10 €",17,17
14/3/25,"699,45 €","39,99 €",26,1,23,1,"30,41 €","39,99 €",1.13,1.00,"26,90 €","39,99 €",240,6,98,6,338,12,139,3,73,6,212,9,96.31%,87.50%,10.85%,11.11%,12.26%,11.11%,10,7,2,7.69%,0,0,0.00%,0,"0,00 €","266,72 €",12,11
15/3/25,"447,31 €","39,99 €",15,1,15,1,"29,82 €","39,99 €",1.00,1.00,"29,82 €","39,99 €",161,4,108,10,269,14,115,2,74,5,189,7,96.23%,66.67%,7.94%,14.29%,7.94%,14.29%,11,7,1,6.67%,0,0,0.00%,0,"0,00 €","414,60 €",20,18
16/3/25,"419,00 €","0,00 €",18,0,18,0,"23,28 €","0,00 €",1.00,0.00,"23,28 €","0,00 €",282,3,110,4,392,7,188,2,84,3,272,5,92.90%,66.67%,6.62%,0.00%,6.62%,0.00%,11,7,1,5.56%,0,0,0.00%,0,"0,00 €","229,29 €",10,10
17/3/25,"602,91 €","0,00 €",21,0,21,0,"28,71 €","0,00 €",1.00,0.00,"28,71 €","0,00 €",264,5,131,7,395,12,149,4,92,5,241,9,95.87%,100.00%,8.71%,0.00%,8.71%,0.00%,10,7,1,4.76%,0,0,0.00%,0,"0,00 €","634,61 €",28,28
18/3/25,"546,21 €","0,00 €",19,0,18,0,"30,34 €","0,00 €",1.06,0.00,"28,75 €","0,00 €",259,5,162,35,421,40,172,3,106,7,278,10,87.40%,64.71%,6.47%,0.00%,6.83%,0.00%,10,7,3,15.79%,0,0,0.00%,0,"0,00 €","409,24 €",17,17
19/3/25,"463,71 €","39,99 €",15,1,14,1,"33,12 €","39,99 €",1.07,1.00,"30,91 €","39,99 €",232,6,96,21,328,27,149,4,70,14,219,18,87.96%,81.25%,6.39%,5.56%,6.85%,5.56%,10,6,1,6.67%,0,0,0.00%,0,"0,00 €","401,62 €",15,15
20/3/25,"507,65 €","0,00 €",15,0,14,0,"36,26 €","0,00 €",1.07,0.00,"33,84 €","0,00 €",193,1,74,8,267,9,112,1,57,6,169,7,96.88%,66.67%,8.28%,0.00%,8.88%,0.00%,10,6,1,6.67%,0,0,0.00%,0,"0,00 €","384,34 €",18,16
21/3/25,"209,75 €","0,00 €",8,0,8,0,"26,22 €","0,00 €",1.00,0.00,"26,22 €","0,00 €",197,1,106,12,303,13,137,1,81,10,218,11,98.11%,85.71%,3.67%,0.00%,3.67%,0.00%,10,6,0,0.00%,0,0,0.00%,0,"0,00 €","450,40 €",17,16
22/3/25,"167,75 €","0,00 €",7,0,7,0,"23,96 €","0,00 €",1.00,0.00,"23,96 €","0,00 €",233,5,91,4,324,9,169,4,69,4,238,8,99.27%,100.00%,2.94%,0.00%,2.94%,0.00%,10,6,2,28.57%,1,0,0.00%,0,"0,00 €","127,06 €",5,5
23/3/25,"433,42 €","0,00 €",15,0,15,0,"28,89 €","0,00 €",1.00,0.00,"28,89 €","0,00 €",315,1,142,8,457,9,191,1,102,6,293,7,97.04%,75.00%,5.12%,0.00%,5.12%,0.00%,10,6,1,6.67%,0,0,0.00%,0,"0,00 €","348,15 €",18,18
24/3/25,"500,05 €","36,53 €",19,2,19,2,"26,32 €","18,26 €",1.00,1.00,"26,32 €","18,26 €",284,1,157,12,441,13,175,1,124,10,299,11,94.58%,66.67%,6.35%,18.18%,6.35%,18.18%,9,6,2,10.53%,0,0,0.00%,0,"0,00 €","277,48 €",11,11
25/3/25,"588,67 €","0,00 €",23,0,21,0,"28,03 €","0,00 €",1.10,0.00,"25,59 €","0,00 €",267,0,145,2,412,2,197,0,118,2,315,2,94.03%,100.00%,6.67%,0.00%,7.30%,0.00%,9,6,1,4.35%,1,1,100.00%,0,"0,00 €","487,81 €",22,20
26/3/25,"401,90 €","39,99 €",16,1,16,1,"25,12 €","39,99 €",1.00,1.00,"25,12 €","39,99 €",217,2,100,6,317,8,144,2,71,4,215,6,93.80%,71.43%,7.44%,16.67%,7.44%,16.67%,9,6,1,6.25%,0,0,0.00%,0,"0,00 €","352,89 €",17,17
27/3/25,"276,50 €","0,00 €",11,0,10,0,"27,65 €","0,00 €",1.10,0.00,"25,14 €","0,00 €",183,3,94,1,277,4,122,3,73,1,195,4,96.28%,100.00%,5.13%,0.00%,5.64%,0.00%,9,6,0,0.00%,0,0,0.00%,0,"0,00 €","350,62 €",17,17
28/3/25,"251,50 €","0,00 €",10,0,10,0,"25,15 €","0,00 €",1.00,0.00,"25,15 €","0,00 €",145,3,103,3,248,6,99,3,81,3,180,6,99.52%,75.00%,5.56%,0.00%,5.56%,0.00%,9,6,1,10.00%,0,0,0.00%,0,"0,00 €","151,24 €",8,7
29/3/25,"327,33 €","0,00 €",13,0,13,0,"25,18 €","0,00 €",1.00,0.00,"25,18 €","0,00 €",182,0,68,5,250,5,116,0,46,5,162,5,99.04%,75.00%,8.02%,0.00%,8.02%,0.00%,9,6,0,0.00%,0,0,0.00%,0,"0,00 €","263,22 €",12,12
30/3/25,"404,25 €","0,00 €",16,0,16,0,"25,27 €","0,00 €",1.00,0.00,"25,27 €","0,00 €",200,2,95,0,295,2,136,2,63,0,199,2,96.98%,0.00%,8.04%,0.00%,8.04%,0.00%,9,6,1,6.25%,0,0,0.00%,0,"0,00 €","235,54 €",12,12
31/3/25,"290,17 €","0,00 €",12,0,12,0,"24,18 €","0,00 €",1.00,0.00,"24,18 €","0,00 €",203,2,100,3,303,5,141,2,77,3,218,5,94.23%,33.33%,5.50%,0.00%,5.50%,0.00%,9,6,1,8.33%,0,0,0.00%,0,"0,00 €","188,23 €",10,10
1/4/25,"273,75 €","0,00 €",9,0,9,0,"30,42 €","0,00 €",1.00,0.00,"30,42 €","0,00 €",184,7,129,5,313,12,123,3,76,5,199,8,95.59%,100.00%,4.52%,0.00%,4.52%,0.00%,9,6,0,0.00%,0,0,0.00%,0,"0,00 €","212,81 €",9,9
2/4/25,"339,66 €","0,00 €",15,0,12,0,"28,30 €","0,00 €",1.25,0.00,"22,64 €","0,00 €",149,2,108,7,257,9,110,2,80,6,190,8,98.21%,100.00%,6.32%,0.00%,7.89%,0.00%,11,6,0,0.00%,0,0,0.00%,0,"0,00 €","334,92 €",15,15
3/4/25,"254,00 €","0,00 €",10,0,10,0,"25,40 €","0,00 €",1.00,0.00,"25,40 €","0,00 €",195,1,74,3,269,4,124,1,53,2,177,3,99.13%,100.00%,5.65%,0.00%,5.65%,0.00%,11,6,0,0.00%,0,0,0.00%,0,"0,00 €","333,48 €",18,16
4/4/25,"132,41 €","0,00 €",5,0,5,0,"26,48 €","0,00 €",1.00,0.00,"26,48 €","0,00 €",190,7,124,0,314,7,140,5,82,0,222,5,99.28%,100.00%,2.25%,0.00%,2.25%,0.00%,11,6,2,40.00%,0,0,0.00%,0,"0,00 €","216,32 €",9,9
5/4/25,"199,00 €","0,00 €",7,0,7,0,"28,43 €","0,00 €",1.00,0.00,"28,43 €","0,00 €",210,2,73,7,283,9,140,1,53,4,193,5,98.71%,87.50%,3.63%,0.00%,3.63%,0.00%,11,6,0,0.00%,0,0,0.00%,0,"0,00 €","127,27 €",5,5
6/4/25,"172,00 €","0,00 €",7,0,7,0,"24,57 €","0,00 €",1.00,0.00,"24,57 €","0,00 €",221,1,116,4,337,5,145,1,74,4,219,5,98.29%,100.00%,3.20%,0.00%,3.20%,0.00%,11,6,1,14.29%,0,0,0.00%,0,"0,00 €","164,46 €",7,7
7/4/25,"319,00 €","0,00 €",13,0,13,0,"24,54 €","0,00 €",1.00,0.00,"24,54 €","0,00 €",195,0,109,9,304,9,134,0,83,4,217,4,95.49%,14.29%,5.99%,0.00%,5.99%,0.00%,11,6,2,15.38%,0,0,0.00%,0,"0,00 €","212,40 €",11,11
8/4/25,"419,33 €","0,00 €",17,0,17,0,"24,67 €","0,00 €",1.00,0.00,"24,67 €","0,00 €",222,2,111,6,333,8,139,2,89,6,228,8,97.57%,100.00%,7.46%,0.00%,7.46%,0.00%,10,6,1,5.88%,0,0,0.00%,0,"0,00 €","308,06 €",16,16
9/4/25,"458,23 €","40,00 €",20,2,18,1,"25,46 €","40,00 €",1.11,2.00,"22,91 €","20,00 €",196,9,114,6,310,15,137,4,88,4,225,8,94.64%,61.54%,8.00%,12.50%,8.89%,25.00%,10,6,1,5.00%,0,0,0.00%,0,"0,00 €","317,36 €",16,16
10/4/25,"147,00 €","0,00 €",6,0,6,0,"24,50 €","0,00 €",1.00,0.00,"24,50 €","0,00 €",244,0,110,2,354,2,157,0,83,2,240,2,96.15%,0.00%,2.50%,0.00%,2.50%,0.00%,15,7,1,16.67%,0,0,0.00%,0,"0,00 €","254,34 €",13,11
11/4/25,"214,40 €","39,99 €",7,1,7,1,"30,63 €","39,99 €",1.00,1.00,"30,63 €","39,99 €",179,1,100,12,279,13,120,1,72,8,192,9,97.51%,100.00%,3.65%,11.11%,3.65%,11.11%,15,7,0,0.00%,0,0,0.00%,0,"0,00 €","197,52 €",9,9
12/4/25,"154,69 €","0,00 €",5,0,5,0,"30,94 €","0,00 €",1.00,0.00,"30,94 €","0,00 €",189,9,72,12,261,21,134,3,52,5,186,8,95.05%,83.33%,2.69%,0.00%,2.69%,0.00%,15,7,2,40.00%,0,0,0.00%,0,"0,00 €","135,53 €",5,5
13/4/25,"261,00 €","0,00 €",9,0,9,0,"29,00 €","0,00 €",1.00,0.00,"29,00 €","0,00 €",262,2,125,2,387,4,147,1,72,1,219,2,91.22%,100.00%,4.11%,0.00%,4.11%,0.00%,15,7,0,0.00%,0,0,0.00%,0,"0,00 €","78,51 €",4,4
14/4/25,"321,33 €","0,00 €",12,0,12,0,"26,78 €","0,00 €",1.00,0.00,"26,78 €","0,00 €",188,6,124,11,312,17,138,5,96,8,234,13,93.80%,90.00%,5.13%,0.00%,5.13%,0.00%,15,7,1,8.33%,0,0,0.00%,0,"0,00 €","327,27 €",15,15
15/4/25,"328,74 €","25,00 €",11,1,11,1,"29,89 €","25,00 €",1.00,1.00,"29,89 €","25,00 €",192,2,127,4,319,6,126,2,94,4,220,6,97.54%,80.00%,5.00%,16.67%,5.00%,16.67%,15,7,1,9.09%,1,0,0.00%,0,"0,00 €","348,76 €",14,14
16/4/25,"286,99 €","39,99 €",10,1,10,1,"28,70 €","39,99 €",1.00,1.00,"28,70 €","39,99 €",164,1,112,3,276,4,124,1,85,3,209,4,95.95%,100.00%,4.78%,25.00%,4.78%,25.00%,15,7,0,0.00%,0,0,0.00%,0,"0,00 €","185,12 €",7,7
17/4/25,"177,00 €","0,00 €",8,0,8,0,"22,12 €","0,00 €",1.00,0.00,"22,12 €","0,00 €",126,1,99,2,225,3,98,1,73,2,171,3,90.91%,100.00%,4.68%,0.00%,4.68%,0.00%,15,7,1,12.50%,0,0,0.00%,0,"0,00 €","131,40 €",6,6
18/4/25,"45,41 €","0,00 €",2,0,2,0,"22,70 €","0,00 €",1.00,0.00,"22,70 €","0,00 €",142,1,108,2,250,3,101,1,74,1,175,2,88.48%,100.00%,1.14%,0.00%,1.14%,0.00%,14,7,0,0.00%,0,0,0.00%,0,"0,00 €","33,06 €",2,2
19/4/25,"321,33 €","0,00 €",12,0,12,0,"26,78 €","0,00 €",1.00,0.00,"26,78 €","0,00 €",224,12,78,6,302,18,144,11,60,6,204,17,98.13%,100.00%,5.88%,0.00%,5.88%,0.00%,14,7,0,0.00%,0,0,0.00%,0,"0,00 €","86,78 €",5,5
20/4/25,"326,66 €","20,00 €",12,1,11,1,"29,70 €","20,00 €",1.09,1.00,"27,22 €","20,00 €",224,5,83,2,307,7,162,4,72,2,234,6,97.45%,100.00%,4.70%,16.67%,5.13%,16.67%,14,7,0,0.00%,0,0,0.00%,0,"0,00 €","278,50 €",13,13
21/4/25,"219,71 €","0,00 €",10,0,10,0,"21,97 €","0,00 €",1.00,0.00,"21,97 €","0,00 €",191,7,85,1,276,8,133,6,64,1,197,7,95.92%,100.00%,5.08%,0.00%,5.08%,0.00%,14,7,0,0.00%,0,0,0.00%,0,"0,00 €","300,00 €",13,13
22/4/25,"410,86 €","16,53 €",17,1,17,1,"24,17 €","16,53 €",1.00,1.00,"24,17 €","16,53 €",239,4,126,10,365,14,152,3,86,6,238,9,94.59%,100.00%,7.14%,11.11%,7.14%,11.11%,14,7,0,0.00%,0,0,0.00%,0,"0,00 €","242,98 €",12,12
23/4/25,"287,41 €","0,00 €",12,0,12,0,"23,95 €","0,00 €",1.00,0.00,"23,95 €","0,00 €",208,5,110,6,318,11,155,4,80,4,235,8,92.36%,87.50%,5.11%,0.00%,5.11%,0.00%,14,7,1,8.33%,0,0,0.00%,0,"0,00 €","249,59 €",13,13
24/4/25,"497,36 €","0,00 €",18,0,18,0,"27,63 €","0,00 €",1.00,0.00,"27,63 €","0,00 €",183,1,123,2,306,3,121,1,93,2,214,3,88.85%,33.33%,8.41%,0.00%,8.41%,0.00%,14,7,3,16.67%,0,0,0.00%,0,"0,00 €","399,18 €",19,18
25/4/25,"217,00 €","0,00 €",9,0,9,0,"24,11 €","0,00 €",1.00,0.00,"24,11 €","0,00 €",157,3,64,1,221,4,104,2,54,1,158,3,97.50%,0.00%,5.70%,0.00%,5.70%,0.00%,14,7,0,0.00%,0,0,0.00%,0,"0,00 €","304,13 €",14,14
26/4/25,"242,33 €","0,00 €",11,0,11,0,"22,03 €","0,00 €",1.00,0.00,"22,03 €","0,00 €",154,9,119,3,273,12,98,4,72,1,170,5,96.07%,100.00%,6.47%,0.00%,6.47%,0.00%,14,7,1,9.09%,0,0,0.00%,0,"0,00 €","218,18 €",11,11
27/4/25,"329,38 €","0,00 €",11,0,11,0,"29,94 €","0,00 €",1.00,0.00,"29,94 €","0,00 €",202,2,68,2,270,4,138,2,56,2,194,4,93.22%,0.00%,5.67%,0.00%,5.67%,0.00%,14,7,1,9.09%,0,0,0.00%,0,"0,00 €","88,43 €",4,4
28/4/25,"147,74 €","0,00 €",6,0,6,0,"24,62 €","0,00 €",1.00,0.00,"24,62 €","0,00 €",89,2,26,1,115,3,57,1,23,1,80,2,88.89%,100.00%,7.50%,0.00%,7.50%,0.00%,14,7,0,0.00%,0,0,0.00%,0,"0,00 €","109,09 €",5,5
29/4/25,"344,10 €","42,00 €",12,1,12,1,"28,68 €","42,00 €",1.00,1.00,"28,68 €","42,00 €",151,7,87,0,238,7,92,4,63,0,155,4,93.03%,100.00%,7.74%,25.00%,7.74%,25.00%,14,7,2,16.67%,0,0,0.00%,0,"0,00 €","78,51 €",4,4
30/4/25,"461,99 €","59,99 €",20,2,19,2,"24,32 €","30,00 €",1.05,1.00,"23,10 €","30,00 €",229,0,88,11,317,11,144,0,62,8,206,8,93.48%,100.00%,9.22%,25.00%,9.71%,25.00%,14,7,0,0.00%,0,0,0.00%,0,"0,00 €","316,53 €",14,14
1/5/25,"219,41 €","0,00 €",8,0,8,0,"27,43 €","0,00 €",1.00,0.00,"27,43 €","0,00 €",247,2,61,0,308,2,185,2,55,0,240,2,97.73%,0.00%,3.33%,0.00%,3.33%,0.00%,14,7,0,0.00%,0,0,0.00%,0,"0,00 €","210,74 €",11,11
2/5/25,"494,41 €","0,00 €",16,0,15,0,"32,96 €","0,00 €",1.07,0.00,"30,90 €","0,00 €",172,1,131,6,303,7,117,1,96,3,213,4,96.21%,50.00%,7.04%,0.00%,7.51%,0.00%,14,7,0,0.00%,0,0,0.00%,0,"0,00 €","423,97 €",20,19
3/5/25,"223,00 €","0,00 €",9,0,9,0,"24,78 €","0,00 €",1.00,0.00,"24,78 €","0,00 €",174,3,69,0,243,3,118,3,52,0,170,3,94.84%,66.67%,5.29%,0.00%,5.29%,0.00%,14,7,0,0.00%,0,0,0.00%,0,"0,00 €","319,83 €",12,12
4/5/25,"177,41 €","20,00 €",7,1,7,1,"25,34 €","20,00 €",1.00,1.00,"25,34 €","20,00 €",240,2,94,0,334,2,156,2,74,0,230,2,94.66%,100.00%,3.04%,50.00%,3.04%,50.00%,14,7,0,0.00%,0,0,0.00%,0,"0,00 €","266,94 €",11,10
5/5/25,"256,53 €","16,53 €",12,1,12,1,"21,38 €","16,53 €",1.00,1.00,"21,38 €","16,53 €",129,1,100,5,229,6,79,1,72,5,151,6,91.54%,80.00%,7.95%,16.67%,7.95%,16.67%,14,7,1,8.33%,0,0,0.00%,0,"0,00 €","279,34 €",14,14
6/5/25,"195,00 €","0,00 €",9,0,7,0,"27,86 €","0,00 €",1.29,0.00,"21,67 €","0,00 €",92,1,70,0,162,1,60,1,55,0,115,1,94.85%,0.00%,6.09%,0.00%,7.83%,0.00%,14,7,0,0.00%,0,0,0.00%,0,"0,00 €","194,22 €",11,10
7/5/25,"260,00 €","0,00 €",12,0,11,0,"23,64 €","0,00 €",1.09,0.00,"21,67 €","0,00 €",144,1,47,0,191,1,99,1,40,0,139,1,90.18%,0.00%,7.91%,0.00%,8.63%,0.00%,14,7,1,8.33%,0,0,0.00%,0,"0,00 €","268,60 €",15,14
8/5/25,"289,00 €","0,00 €",11,0,11,0,"26,27 €","0,00 €",1.00,0.00,"26,27 €","0,00 €",135,1,55,1,190,2,94,1,44,1,138,2,89.02%,100.00%,7.97%,0.00%,7.97%,0.00%,14,7,1,9.09%,1,0,0.00%,0,"0,00 €","288,43 €",14,14
9/5/25,"280,00 €","0,00 €",12,0,7,0,"40,00 €","0,00 €",1.71,0.00,"23,33 €","0,00 €",138,0,43,0,181,0,87,0,37,0,124,0,93.08%,0.00%,5.65%,0.00%,9.68%,0.00%,14,7,0,0.00%,0,0,0.00%,0,"0,00 €","165,29 €",9,9
10/5/25,"197,41 €","0,00 €",8,0,8,0,"24,68 €","0,00 €",1.00,0.00,"24,68 €","0,00 €",140,0,60,4,200,4,85,0,42,3,127,3,89.41%,50.00%,6.30%,0.00%,6.30%,0.00%,14,7,0,0.00%,0,0,0.00%,0,"0,00 €","212,39 €",10,7
11/5/25,"189,00 €","0,00 €",7,0,7,0,"27,00 €","0,00 €",1.00,0.00,"27,00 €","0,00 €",138,3,65,0,203,3,102,2,44,0,146,2,89.47%,100.00%,4.79%,0.00%,4.79%,0.00%,14,7,0,0.00%,0,0,0.00%,0,"0,00 €","115,70 €",6,5
12/5/25,"236,66 €","0,00 €",8,0,7,0,"33,81 €","0,00 €",1.14,0.00,"29,58 €","0,00 €",185,1,80,10,265,11,106,1,65,8,171,9,86.55%,87.50%,4.09%,0.00%,4.68%,0.00%,14,7,3,37.50%,0,0,0.00%,0,"0,00 €","156,20 €",7,7
13/5/25,"307,00 €","0,00 €",13,0,12,0,"25,58 €","0,00 €",1.08,0.00,"23,62 €","0,00 €",241,1,68,0,309,1,161,1,56,0,217,1,93.23%,100.00%,5.53%,0.00%,5.99%,0.00%,14,7,1,7.69%,0,0,0.00%,0,"0,00 €","310,74 €",14,14
14/5/25,"378,00 €","0,00 €",14,0,14,0,"27,00 €","0,00 €",1.00,0.00,"27,00 €","0,00 €",193,1,90,0,283,1,138,1,69,0,207,1,93.95%,100.00%,6.76%,0.00%,6.76%,0.00%,14,7,1,7.14%,0,0,0.00%,0,"0,00 €","226,45 €",11,10
15/5/25,"320,23 €","0,00 €",12,0,11,0,"29,11 €","0,00 €",1.09,0.00,"26,69 €","0,00 €",216,2,137,12,353,14,151,2,84,8,235,10,97.10%,100.00%,4.68%,0.00%,5.11%,0.00%,14,7,0,0.00%,0,0,0.00%,0,"0,00 €","428,10 €",20,19
16/5/25,"150,00 €","0,00 €",7,0,7,0,"21,43 €","0,00 €",1.00,0.00,"21,43 €","0,00 €",187,0,96,7,283,7,134,0,70,5,204,5,97.14%,100.00%,3.43%,0.00%,3.43%,0.00%,14,7,1,14.29%,0,0,0.00%,0,"0,00 €","191,73 €",9,9
17/5/25,"239,69 €","0,00 €",9,0,9,0,"26,63 €","0,00 €",1.00,0.00,"26,63 €","0,00 €",222,3,83,1,305,4,151,2,63,1,214,3,95.28%,50.00%,4.21%,0.00%,4.21%,0.00%,13,7,1,11.11%,0,0,0.00%,0,"0,00 €","125,62 €",6,6
18/5/25,"334,69 €","0,00 €",12,0,12,0,"27,89 €","0,00 €",1.00,0.00,"27,89 €","0,00 €",214,17,105,8,319,25,144,11,81,6,225,17,98.85%,90.91%,5.33%,0.00%,5.33%,0.00%,13,7,0,0.00%,0,0,0.00%,0,"0,00 €","152,90 €",9,9
19/5/25,"282,69 €","0,00 €",11,0,11,0,"25,70 €","0,00 €",1.00,0.00,"25,70 €","0,00 €",145,4,94,0,239,4,111,3,69,0,180,3,95.79%,100.00%,6.11%,0.00%,6.11%,0.00%,13,7,0,0.00%,0,0,0.00%,0,"0,00 €","284,29 €",11,11
20/5/25,"191,00 €","0,00 €",6,0,6,0,"31,83 €","0,00 €",1.00,0.00,"31,83 €","0,00 €",147,1,108,5,255,6,98,1,78,5,176,6,98.21%,100.00%,3.41%,0.00%,3.41%,0.00%,13,7,0,0.00%,0,0,0.00%,0,"0,00 €","247,11 €",12,12
21/5/25,"404,33 €","0,00 €",15,0,15,0,"26,96 €","0,00 €",1.00,0.00,"26,96 €","0,00 €",175,1,95,5,270,6,122,1,67,2,189,3,95.56%,0.00%,7.94%,0.00%,7.94%,0.00%,13,7,3,20.00%,0,0,0.00%,0,"0,00 €","213,22 €",8,8
22/5/25,"470,11 €","0,00 €",16,0,16,0,"29,38 €","0,00 €",1.00,0.00,"29,38 €","0,00 €",190,3,90,5,280,8,136,2,75,4,211,6,97.59%,100.00%,7.58%,0.00%,7.58%,0.00%,14,8,1,6.25%,0,0,0.00%,0,"0,00 €","345,45 €",17,17
23/5/25,"340,51 €","20,00 €",13,1,13,1,"26,19 €","20,00 €",1.00,1.00,"26,19 €","20,00 €",118,0,93,17,211,17,93,0,67,8,160,8,97.70%,100.00%,8.13%,12.50%,8.13%,12.50%,14,7,0,0.00%,0,0,0.00%,0,"0,00 €","326,44 €",13,13
24/5/25,"142,00 €","0,00 €",6,0,6,0,"23,67 €","0,00 €",1.00,0.00,"23,67 €","0,00 €",176,0,50,0,226,0,115,0,42,0,157,0,95.79%,0.00%,3.82%,0.00%,3.82%,0.00%,14,7,0,0.00%,1,0,0.00%,0,"0,00 €","139,67 €",6,6
25/5/25,"165,00 €","0,00 €",6,0,5,0,"33,00 €","0,00 €",1.20,0.00,"27,50 €","0,00 €",134,2,79,4,213,6,97,2,58,4,155,6,95.11%,100.00%,3.23%,0.00%,3.87%,0.00%,14,7,0,0.00%,0,0,0.00%,0,"0,00 €","155,37 €",8,7
26/5/25,"366,75 €","79,98 €",12,2,10,1,"36,68 €","79,98 €",1.20,2.00,"30,56 €","39,99 €",185,8,100,1,285,9,122,7,73,1,195,8,95.10%,71.43%,5.13%,12.50%,6.15%,25.00%,14,7,2,16.67%,0,0,0.00%,0,"0,00 €","334,69 €",12,10
27/5/25,"395,00 €","0,00 €",14,0,14,0,"28,21 €","0,00 €",1.00,0.00,"28,21 €","0,00 €",189,1,68,0,257,1,131,1,57,0,188,1,93.69%,100.00%,7.45%,0.00%,7.45%,0.00%,14,7,1,7.14%,0,0,0.00%,0,"0,00 €","261,16 €",12,12
28/5/25,"256,19 €","0,00 €",10,0,10,0,"25,62 €","0,00 €",1.00,0.00,"25,62 €","0,00 €",180,5,68,4,248,9,136,3,52,3,188,6,96.41%,100.00%,5.32%,0.00%,5.32%,0.00%,14,7,1,10.00%,0,0,0.00%,0,"0,00 €","179,34 €",9,9
29/5/25,"358,41 €","0,00 €",12,0,12,0,"29,87 €","0,00 €",1.00,0.00,"29,87 €","0,00 €",148,1,99,5,247,6,107,1,70,4,177,5,96.57%,100.00%,6.78%,0.00%,6.78%,0.00%,14,7,0,0.00%,0,0,0.00%,0,"0,00 €","242,15 €",10,10
30/5/25,"162,00 €","20,00 €",6,1,6,1,"27,00 €","20,00 €",1.00,1.00,"27,00 €","20,00 €",206,5,83,2,289,7,151,5,60,2,211,7,95.44%,60.00%,2.84%,14.29%,2.84%,14.29%,14,7,1,16.67%,0,0,0.00%,0,"0,00 €","295,86 €",12,12
31/5/25,"241,51 €","0,00 €",9,0,9,0,"26,83 €","0,00 €",1.00,0.00,"26,83 €","0,00 €",222,1,71,0,293,1,154,1,62,0,216,1,93.63%,100.00%,4.17%,0.00%,4.17%,0.00%,14,7,1,11.11%,0,0,0.00%,0,"0,00 €","20,66 €",1,1
1/6/25,"351,33 €","0,00 €",13,0,13,0,"27,03 €","0,00 €",1.00,0.00,"27,03 €","0,00 €",261,0,63,2,324,2,176,0,47,2,223,2,98.17%,100.00%,5.83%,0.00%,5.83%,0.00%,14,7,0,0.00%,0,0,0.00%,0,"0,00 €","204,13 €",9,9
2/6/25,"232,00 €","0,00 €",10,0,10,0,"23,20 €","0,00 €",1.00,0.00,"23,20 €","0,00 €",166,3,115,2,281,5,112,2,98,2,210,4,93.68%,100.00%,4.76%,0.00%,4.76%,0.00%,14,7,0,0.00%,0,0,0.00%,0,"0,00 €","473,54 €",21,21
3/6/25,"548,10 €","0,00 €",19,0,19,0,"28,85 €","0,00 €",1.00,0.00,"28,85 €","0,00 €",203,7,118,3,321,10,136,3,89,3,225,6,93.04%,0.00%,8.44%,0.00%,8.44%,0.00%,14,7,1,5.26%,0,0,0.00%,0,"0,00 €","266,94 €",11,11
4/6/25,"363,00 €","62,00 €",14,2,14,2,"25,93 €","31,00 €",1.00,1.00,"25,93 €","31,00 €",195,2,88,4,283,6,130,2,65,4,195,6,92.06%,100.00%,7.18%,33.33%,7.18%,33.33%,14,7,0,0.00%,0,0,0.00%,0,"0,00 €","339,67 €",17,17
5/6/25,"152,41 €","0,00 €",6,0,6,0,"25,40 €","0,00 €",1.00,0.00,"25,40 €","0,00 €",153,1,62,3,215,4,105,1,51,3,156,4,95.08%,100.00%,3.85%,0.00%,3.85%,0.00%,14,7,1,16.67%,0,0,0.00%,0,"0,00 €","255,37 €",12,12
6/6/25,"213,15 €","0,00 €",9,0,8,0,"26,64 €","0,00 €",1.12,0.00,"23,68 €","0,00 €",97,4,80,3,177,7,69,1,53,2,122,3,92.36%,100.00%,6.56%,0.00%,7.38%,0.00%,14,7,0,0.00%,0,0,0.00%,0,"0,00 €","244,63 €",11,11
7/6/25,"260,33 €","20,00 €",12,1,12,1,"21,69 €","20,00 €",1.00,1.00,"21,69 €","20,00 €",126,7,30,0,156,7,83,1,22,0,105,1,96.15%,100.00%,11.43%,100.00%,11.43%,100.00%,14,7,1,8.33%,0,0,0.00%,0,"0,00 €","144,63 €",8,8
8/6/25,"154,00 €","0,00 €",5,0,5,0,"30,80 €","0,00 €",1.00,0.00,"30,80 €","0,00 €",122,1,37,0,159,1,87,1,30,0,117,1,93.98%,100.00%,4.27%,0.00%,4.27%,0.00%,14,7,0,0.00%,0,0,0.00%,0,"0,00 €","128,10 €",7,7
9/6/25,"157,00 €","0,00 €",6,0,6,0,"26,17 €","0,00 €",1.00,0.00,"26,17 €","0,00 €",78,0,76,0,154,0,56,0,54,0,110,0,90.00%,0.00%,5.45%,0.00%,5.45%,0.00%,14,7,0,0.00%,0,0,0.00%,0,"0,00 €","166,94 €",8,8
10/6/25,"357,33 €","0,00 €",16,0,15,0,"23,82 €","0,00 €",1.07,0.00,"22,33 €","0,00 €",142,4,60,1,202,5,103,2,45,1,148,3,90.34%,100.00%,10.14%,0.00%,10.81%,0.00%,13,7,1,6.25%,0,0,0.00%,0,"0,00 €","249,59 €",13,13
11/6/25,"167,00 €","0,00 €",7,0,7,0,"23,86 €","0,00 €",1.00,0.00,"23,86 €","0,00 €",95,2,39,0,134,2,72,2,33,0,105,2,88.24%,100.00%,6.67%,0.00%,6.67%,0.00%,14,7,1,14.29%,0,0,0.00%,0,"0,00 €","168,60 €",8,8
12/6/25,"122,66 €","0,00 €",5,0,5,0,"24,53 €","0,00 €",1.00,0.00,"24,53 €","0,00 €",137,4,38,0,175,4,94,2,33,0,127,2,94.70%,0.00%,3.94%,0.00%,3.94%,0.00%,14,7,2,40.00%,0,0,0.00%,0,"0,00 €","156,20 €",7,7
13/6/25,"36,53 €","16,53 €",2,1,2,1,"18,26 €","16,53 €",1.00,1.00,"18,26 €","16,53 €",65,2,34,6,99,8,50,1,31,5,81,6,93.10%,100.00%,2.47%,16.67%,2.47%,16.67%,14,7,0,0.00%,0,0,0.00%,0,"0,00 €","49,59 €",3,3
14/6/25,"93,00 €","0,00 €",4,0,4,0,"23,25 €","0,00 €",1.00,0.00,"23,25 €","0,00 €",98,0,29,0,127,0,70,0,23,0,93,0,93.69%,0.00%,4.30%,0.00%,4.30%,0.00%,14,7,1,25.00%,0,0,0.00%,0,"0,00 €","27,27 €",1,1
15/6/25,"135,00 €","0,00 €",5,0,5,0,"27,00 €","0,00 €",1.00,0.00,"27,00 €","0,00 €",96,0,69,10,165,10,66,0,43,4,109,4,83.69%,83.33%,4.59%,0.00%,4.59%,0.00%,14,7,0,0.00%,0,0,0.00%,0,"0,00 €","84,30 €",4,4
16/6/25,"60,00 €","0,00 €",3,0,3,0,"20,00 €","0,00 €",1.00,0.00,"20,00 €","0,00 €",119,0,54,0,173,0,79,0,41,0,120,0,94.53%,0.00%,2.50%,0.00%,2.50%,0.00%,14,7,1,33.33%,1,0,0.00%,0,"0,00 €","126,45 €",7,7
17/6/25,"217,00 €","0,00 €",10,0,9,0,"24,11 €","0,00 €",1.11,0.00,"21,70 €","0,00 €",104,0,54,3,158,3,72,0,39,2,111,2,95.45%,100.00%,8.11%,0.00%,9.01%,0.00%,14,7,0,0.00%,0,0,0.00%,0,"0,00 €","171,08 €",10,9
18/6/25,"84,99 €","39,99 €",3,1,3,1,"28,33 €","39,99 €",1.00,1.00,"28,33 €","39,99 €",105,3,38,2,143,5,73,2,30,2,103,4,92.37%,100.00%,2.91%,25.00%,2.91%,25.00%,14,7,0,0.00%,0,0,0.00%,0,"0,00 €","128,09 €",6,6
19/6/25,"187,00 €","0,00 €",8,0,8,0,"23,38 €","0,00 €",1.00,0.00,"23,38 €","0,00 €",99,15,57,3,156,18,66,6,46,3,112,9,89.86%,60.00%,7.14%,0.00%,7.14%,0.00%,14,7,2,25.00%,0,0,0.00%,0,"0,00 €","138,02 €",7,7
20/6/25,"82,00 €","0,00 €",3,0,3,0,"27,33 €","0,00 €",1.00,0.00,"27,33 €","0,00 €",57,0,34,0,91,0,38,0,29,0,67,0,100.00%,0.00%,4.48%,0.00%,4.48%,0.00%,14,7,1,33.33%,0,0,0.00%,0,"0,00 €","33,06 €",2,2
21/6/25,"110,33 €","0,00 €",5,0,5,0,"22,07 €","0,00 €",1.00,0.00,"22,07 €","0,00 €",72,1,33,0,105,1,55,1,22,0,77,1,93.55%,100.00%,6.49%,0.00%,6.49%,0.00%,14,7,1,20.00%,0,0,0.00%,0,"0,00 €","33,06 €",2,2
22/6/25,"69,00 €","0,00 €",4,0,4,0,"17,25 €","0,00 €",1.00,0.00,"17,25 €","0,00 €",113,0,38,7,151,7,74,0,27,3,101,3,94.96%,0.00%,3.96%,0.00%,3.96%,0.00%,14,7,0,0.00%,0,0,0.00%,0,"0,00 €","109,09 €",5,5
23/6/25,"140,00 €","0,00 €",7,0,5,0,"28,00 €","0,00 €",1.40,0.00,"20,00 €","0,00 €",64,0,54,1,118,1,43,0,40,1,83,1,93.68%,0.00%,6.02%,0.00%,8.43%,0.00%,14,7,1,14.29%,0,0,0.00%,0,"0,00 €","148,77 €",9,7
24/6/25,"247,00 €","0,00 €",11,0,10,0,"24,70 €","0,00 €",1.10,0.00,"22,45 €","0,00 €",78,2,49,3,127,5,58,1,39,3,97,4,92.17%,100.00%,10.31%,0.00%,11.34%,0.00%,14,7,0,0.00%,0,0,0.00%,0,"0,00 €","86,78 €",5,4
25/6/25,"158,54 €","0,00 €",7,0,7,0,"22,65 €","0,00 €",1.00,0.00,"22,65 €","0,00 €",103,0,53,1,156,1,68,0,42,1,110,1,89.55%,0.00%,6.36%,0.00%,6.36%,0.00%,14,7,1,14.29%,0,0,0.00%,0,"0,00 €","231,41 €",12,12
26/6/25,"187,00 €","0,00 €",8,0,8,0,"23,38 €","0,00 €",1.00,0.00,"23,38 €","0,00 €",85,0,40,3,125,3,63,0,36,2,99,2,93.20%,66.67%,8.08%,0.00%,8.08%,0.00%,14,7,0,0.00%,0,0,0.00%,0,"0,00 €","154,55 €",8,8
27/6/25,"105,41 €","0,00 €",5,0,5,0,"21,08 €","0,00 €",1.00,0.00,"21,08 €","0,00 €",126,0,49,1,175,1,96,0,38,1,134,1,96.15%,100.00%,3.73%,0.00%,3.73%,0.00%,14,7,0,0.00%,0,0,0.00%,0,"0,00 €","69,43 €",5,5
28/6/25,"110,00 €","0,00 €",5,0,5,0,"22,00 €","0,00 €",1.00,0.00,"22,00 €","0,00 €",138,1,37,0,175,1,102,1,30,0,132,1,94.84%,0.00%,3.79%,0.00%,3.79%,0.00%,14,7,0,0.00%,0,0,0.00%,0,"0,00 €","66,12 €",4,4
29/6/25,"192,00 €","20,00 €",8,1,8,1,"24,00 €","20,00 €",1.00,1.00,"24,00 €","20,00 €",209,0,47,9,256,9,142,0,39,7,181,7,92.56%,71.43%,4.42%,14.29%,4.42%,14.29%,14,7,0,0.00%,0,0,0.00%,0,"0,00 €","132,23 €",7,7
30/6/25,"390,07 €","0,00 €",17,0,17,0,"22,95 €","0,00 €",1.00,0.00,"22,95 €","0,00 €",153,0,104,9,257,9,107,0,81,8,188,8,92.52%,100.00%,9.04%,0.00%,9.04%,0.00%,14,7,0,0.00%,0,0,0.00%,0,"0,00 €","204,14 €",11,11
1/7/25,"267,00 €","0,00 €",10,0,10,0,"26,70 €","0,00 €",1.00,0.00,"26,70 €","0,00 €",179,0,89,0,268,0,131,0,65,0,196,0,92.17%,0.00%,5.10%,0.00%,5.10%,0.00%,14,7,0,0.00%,0,0,0.00%,0,"0,00 €","185,12 €",9,9
2/7/25,"407,41 €","0,00 €",16,0,15,0,"27,16 €","0,00 €",1.07,0.00,"25,46 €","0,00 €",217,0,71,2,288,2,159,0,61,2,220,2,93.93%,0.00%,6.82%,0.00%,7.27%,0.00%,14,7,1,6.25%,0,0,0.00%,0,"0,00 €","366,94 €",17,16
3/7/25,"219,00 €","0,00 €",8,0,8,0,"27,38 €","0,00 €",1.00,0.00,"27,38 €","0,00 €",168,2,74,9,242,11,125,2,57,3,182,5,97.67%,100.00%,4.40%,0.00%,4.40%,0.00%,14,7,1,12.50%,0,0,0.00%,0,"0,00 €","261,98 €",12,12
4/7/25,"308,33 €","20,00 €",11,1,11,1,"28,03 €","20,00 €",1.00,1.00,"28,03 €","20,00 €",233,4,58,0,291,4,165,2,49,0,214,2,98.81%,100.00%,5.14%,50.00%,5.14%,50.00%,14,7,1,9.09%,0,0,0.00%,0,"0,00 €","297,52 €",12,12
5/7/25,"304,00 €","0,00 €",11,0,10,0,"30,40 €","0,00 €",1.10,0.00,"27,64 €","0,00 €",161,1,53,2,214,3,133,1,41,1,174,2,98.44%,100.00%,5.75%,0.00%,6.32%,0.00%,14,7,0,0.00%,0,0,0.00%,0,"0,00 €","230,58 €",10,9
6/7/25,"338,33 €","0,00 €",12,0,12,0,"28,19 €","0,00 €",1.00,0.00,"28,19 €","0,00 €",301,2,98,2,399,4,204,2,67,2,271,4,95.71%,100.00%,4.43%,0.00%,4.43%,0.00%,14,7,0,0.00%,0,0,0.00%,0,"0,00 €","128,10 €",7,7
7/7/25,"271,00 €","0,00 €",10,0,10,0,"27,10 €","0,00 €",1.00,0.00,"27,10 €","0,00 €",240,6,86,1,326,7,161,3,62,1,223,4,98.21%,100.00%,4.48%,0.00%,4.48%,0.00%,14,7,1,10.00%,0,0,0.00%,0,"0,00 €","328,93 €",15,15
8/7/25,"347,00 €","0,00 €",14,0,14,0,"24,79 €","0,00 €",1.00,0.00,"24,79 €","0,00 €",366,1,119,16,485,17,239,1,91,12,330,13,97.05%,80.00%,4.24%,0.00%,4.24%,0.00%,14,7,0,0.00%,0,0,0.00%,0,"0,00 €","304,96 €",13,13
9/7/25,"605,58 €","0,00 €",24,0,23,0,"26,33 €","0,00 €",1.04,0.00,"25,23 €","0,00 €",265,0,189,7,454,7,178,0,143,6,321,6,99.46%,100.00%,7.17%,0.00%,7.48%,0.00%,14,7,0,0.00%,0,0,0.00%,0,"0,00 €","312,41 €",16,16
10/7/25,"577,80 €","0,00 €",22,0,22,0,"26,26 €","0,00 €",1.00,0.00,"26,26 €","0,00 €",266,4,142,2,408,6,177,3,108,1,285,4,99.73%,100.00%,7.72%,0.00%,7.72%,0.00%,14,7,0,0.00%,0,0,0.00%,0,"0,00 €","513,24 €",23,23
11/7/25,"509,60 €","0,00 €",25,0,25,0,"20,38 €","0,00 €",1.00,0.00,"20,38 €","0,00 €",312,15,118,2,430,17,220,13,94,2,314,15,100.00%,100.00%,7.96%,0.00%,7.96%,0.00%,14,7,1,4.00%,0,0,0.00%,0,"0,00 €","365,32 €",19,19
12/7/25,"208,83 €","18,00 €",10,1,10,1,"20,88 €","18,00 €",1.00,1.00,"20,88 €","18,00 €",201,5,72,5,273,10,142,4,59,4,201,8,98.72%,100.00%,4.98%,12.50%,4.98%,12.50%,14,7,0,0.00%,0,0,0.00%,0,"0,00 €","154,57 €",9,9
13/7/25,"248,69 €","0,00 €",9,0,8,0,"31,09 €","0,00 €",1.12,0.00,"27,63 €","0,00 €",230,0,75,1,305,1,148,0,57,1,205,1,98.79%,100.00%,3.90%,0.00%,4.39%,0.00%,14,7,1,11.11%,0,0,0.00%,0,"0,00 €","238,06 €",15,15
14/7/25,"335,00 €","0,00 €",13,0,13,0,"25,77 €","0,00 €",1.00,0.00,"25,77 €","0,00 €",283,2,85,2,368,4,208,1,68,2,276,3,97.19%,66.67%,4.71%,0.00%,4.71%,0.00%,14,7,2,15.38%,0,0,0.00%,0,"0,00 €","338,03 €",16,16
15/7/25,"237,00 €","0,00 €",9,0,9,0,"26,33 €","0,00 €",1.00,0.00,"26,33 €","0,00 €",233,1,89,2,322,3,148,1,62,2,210,3,99.26%,66.67%,4.29%,0.00%,4.29%,0.00%,14,7,1,11.11%,0,0,0.00%,0,"0,00 €","289,27 €",13,12
16/7/25,"239,00 €","0,00 €",10,0,10,0,"23,90 €","0,00 €",1.00,0.00,"23,90 €","0,00 €",209,0,83,3,292,3,140,0,59,2,199,2,98.80%,66.67%,5.03%,0.00%,5.03%,0.00%,14,7,1,10.00%,0,0,0.00%,0,"0,00 €","238,02 €",11,11
17/7/25,"313,00 €","18,00 €",12,1,12,1,"26,08 €","18,00 €",1.00,1.00,"26,08 €","18,00 €",192,5,84,6,276,11,141,5,72,5,213,10,98.74%,77.78%,5.63%,10.00%,5.63%,10.00%,14,7,0,0.00%,0,0,0.00%,0,"0,00 €","257,87 €",13,13
18/7/25,"180,00 €","0,00 €",7,0,7,0,"25,71 €","0,00 €",1.00,0.00,"25,71 €","0,00 €",209,0,61,1,270,1,137,0,42,1,179,1,99.58%,0.00%,3.91%,0.00%,3.91%,0.00%,14,7,1,14.29%,0,0,0.00%,0,"0,00 €","154,55 €",7,7
19/7/25,"273,00 €","0,00 €",10,0,10,0,"27,30 €","0,00 €",1.00,0.00,"27,30 €","0,00 €",176,7,95,0,271,7,127,5,66,0,193,5,99.57%,100.00%,5.18%,0.00%,5.18%,0.00%,14,7,0,0.00%,0,0,0.00%,0,"0,00 €","183,47 €",8,8
20/7/25,"268,00 €","0,00 €",11,0,11,0,"24,36 €","0,00 €",1.00,0.00,"24,36 €","0,00 €",245,1,69,1,314,2,160,1,56,1,216,2,98.87%,100.00%,5.09%,0.00%,5.09%,0.00%,14,7,0,0.00%,0,0,0.00%,0,"0,00 €","228,93 €",10,10