fecha,ventas_de_productos_encargados,ventas_de_productos_encargados_b2b,unidades_encargadas,unidades_encargadas_b2b,total_de_articulos_de_un_pedido,total_de_articulos_de_un_pedido_b2b,promedio_de_ventas_por_articulo,promedio_de_ventas_por_pedido_b2b,promedio_de_unidades_por_pedido,promedio_de_unidades_por_pedido_b2b,precio_de_venta_medio,precio_de_venta_medio_b2b,visitas_de_pagina_aplicacion_de_dispositivo_movil,visitas_aplicaciones_de_dispositivos_moviles_b2b,visitas_navegador,visitas_navegador_b2b,visitas_total,visitas_total_b2b,sesiones_aplicaciones_de_dispositivos_moviles,sesiones_aplicaciones_de_dispositivos_moviles_b2b,sesiones_navegador,sesiones_navegador_b2b,sesiones_total,sesiones_total_b2b,porcentaje_de_ofertas_destacadas_buy_box,porcentaje_de_ofertas_destacadas_b2b,porcentaje_de_productos_pedidos_por_sesion,porcentaje_de_articulos_de_un_pedido_encargados_por_sesion_b2b,porcentaje_de_unidades_por_sesion,porcentaje_de_sesiones_de_unidades_b2b,promedio_de_ofertas,promedio_de_productos_parent,unidades_reembolsadas,ratio_de_reembolsos,valoraciones_recibidas,valoraciones_negativas_recibidas,ratio_de_valoraciones_negativas_recibidas,reclamaciones_bajo_la_garantia_de_la_a_a_la_z_concedidas,importe_de_las_reclamaciones,ventas_de_productos_enviados,unidades_enviadas,pedidos_enviados
2025-01-01,382.0,0.0,13,0,13,0,29.38,0.0,10,0,29.38,0.0,193,2,68,0,261,2,134,2,44,0,178,2,0.9238,1.0,0.073,0.0,0.073,0.0,6,6,1,0.07690000000000001,0,0,0.0,0,0.0,0.0,0,0
2025-01-02,521.94,0.0,18,0,18,0,29.0,0.0,10,0,29.0,0.0,212,2,92,0,304,2,142,2,72,0,214,2,1.0,1.0,0.08410000000000001,0.0,0.08410000000000001,0.0,5,5,3,0.16670000000000001,0,0,0.0,0,0.0,991.15,41,41
2025-01-03,158.99,0.0,4,0,4,0,39.75,0.0,10,0,39.75,0.0,91,0,44,0,135,0,64,0,35,0,99,0,0.9915,0.0,0.0404,0.0,0.0404,0.0,5,5,2,0.5,0,0,0.0,0,0.0,487.31,19,19
2025-01-04,131.96,0.0,4,0,4,0,32.99,0.0,10,0,32.99,0.0,89,4,44,2,133,6,69,3,32,1,101,4,0.9831,1.0,0.039599999999999996,0.0,0.039599999999999996,0.0,6,5,0,0.0,0,0,0.0,0,0.0,34.71,1,1
2025-01-05,36.99,0.0,2,0,2,0,18.5,0.0,10,0,18.5,0.0,86,0,31,4,117,4,65,0,24,3,89,3,0.9909,1.0,0.0225,0.0,0.0225,0.0,6,5,1,0.5,1,0,0.0,0,0.0,131.96,4,4
2025-01-06,186.97,0.0,6,0,6,0,31.16,0.0,10,0,31.16,0.0,112,0,61,0,173,0,77,0,44,0,121,0,1.0,0.0,0.0496,0.0,0.0496,0.0,5,5,2,0.3333,0,0,0.0,0,0.0,65.98,2,2
2025-01-07,116.99,0.0,3,0,3,0,39.0,0.0,10,0,39.0,0.0,129,2,76,4,205,6,101,2,56,3,157,5,0.6979000000000001,0.4,0.0191,0.0,0.0191,0.0,6,6,7,2.3333,0,0,0.0,0,0.0,209.72,8,8
2025-01-08,54.99,0.0,2,0,2,0,27.5,0.0,10,0,27.5,0.0,103,3,68,0,171,3,73,2,47,0,120,2,0.6076,1.0,0.0167,0.0,0.0167,0.0,6,5,0,0.0,0,0,0.0,0,0.0,133.68,4,4
2025-01-09,107.98,0.0,3,0,3,0,35.99,0.0,10,0,35.99,0.0,92,1,74,2,166,3,68,1,51,1,119,2,0.7059000000000001,1.0,0.0252,0.0,0.0252,0.0,8,8,6,2.0,0,0,0.0,0,0.0,51.17,2,2
2025-01-10,136.99,0.0,5,0,5,0,27.4,0.0,10,0,27.4,0.0,86,3,40,0,126,3,58,2,31,0,89,2,0.9098999999999999,0.0,0.0562,0.0,0.0562,0.0,5,5,4,0.8,0,0,0.0,0,0.0,102.41,4,4
2025-01-11,32.99,0.0,1,0,1,0,32.99,0.0,10,0,32.99,0.0,71,1,27,0,98,1,52,1,21,0,73,1,0.9886,0.0,0.0137,0.0,0.0137,0.0,5,5,1,1.0,0,0,0.0,0,0.0,34.71,1,1
2025-01-12,203.94,32.99,8,1,7,1,29.13,32.99,114,10,25.49,32.99,137,6,36,1,173,7,86,5,28,1,114,6,0.774,1.0,0.061399999999999996,0.16670000000000001,0.0702,0.16670000000000001,5,5,0,0.0,0,0,0.0,0,0.0,32.99,1,1
2025-01-13,96.99,0.0,3,0,3,0,32.33,0.0,10,0,32.33,0.0,101,3,70,3,171,6,65,3,54,3,119,6,0.96,1.0,0.0252,0.0,0.0252,0.0,6,6,3,1.0,0,0,0.0,0,0.0,270.6,10,9
2025-01-14,92.59,32.99,3,1,3,1,30.86,32.99,10,10,30.86,32.99,122,8,66,2,188,10,83,4,51,2,134,6,0.9059,1.0,0.022400000000000003,0.16670000000000001,0.022400000000000003,0.16670000000000001,5,5,1,0.3333,0,0,0.0,0,0.0,80.53,3,3
2025-01-15,126.0,0.0,3,0,3,0,42.0,0.0,10,0,42.0,0.0,137,0,36,3,173,3,91,0,33,3,124,3,0.9933,1.0,0.0242,0.0,0.0242,0.0,5,5,1,0.3333,0,0,0.0,0,0.0,69.42,3,3
2025-01-16,168.0,0.0,4,0,4,0,42.0,0.0,10,0,42.0,0.0,166,3,55,4,221,7,109,2,42,2,151,4,0.9723999999999999,1.0,0.0265,0.0,0.0265,0.0,5,5,1,0.25,0,0,0.0,0,0.0,138.84,4,4
2025-01-17,116.99,0.0,3,0,3,0,39.0,0.0,10,0,39.0,0.0,132,6,65,4,197,10,88,3,47,4,135,7,0.9823999999999999,1.0,0.0222,0.0,0.0222,0.0,6,6,1,0.3333,0,0,0.0,0,0.0,138.84,4,4
2025-01-18,338.33,0.0,10,0,10,0,33.83,0.0,10,0,33.83,0.0,230,3,100,2,330,5,161,3,77,2,238,5,0.9612999999999999,1.0,0.042,0.0,0.042,0.0,10,10,0,0.0,0,0,0.0,0,0.0,137.12,4,4
2025-01-19,133.65,0.0,6,0,5,0,26.73,0.0,12,0,22.28,0.0,160,4,72,0,232,4,100,2,48,0,148,2,0.8454,0.25,0.0338,0.0,0.0405,0.0,4,4,0,0.0,0,0,0.0,0,0.0,122.31,4,4
2025-01-20,74.99,0.0,2,0,2,0,37.5,0.0,10,0,37.5,0.0,69,1,35,0,104,1,44,1,28,0,72,1,0.8604999999999999,1.0,0.0278,0.0,0.0278,0.0,4,4,1,0.5,0,0,0.0,0,0.0,94.96,3,3
2025-01-21,65.98,0.0,2,0,2,0,32.99,0.0,10,0,32.99,0.0,37,1,18,2,55,3,28,1,13,1,41,2,0.9795999999999999,1.0,0.048799999999999996,0.0,0.048799999999999996,0.0,4,4,1,0.5,0,0,0.0,0,0.0,34.71,1,1
2025-01-22,65.98,0.0,2,0,2,0,32.99,0.0,10,0,32.99,0.0,137,1,45,1,182,2,94,1,35,1,129,2,0.8462000000000001,1.0,0.0155,0.0,0.0155,0.0,10,10,2,1.0,0,0,0.0,0,0.0,65.98,2,2
2025-01-23,300.99,0.0,11,0,10,0,30.1,0.0,11,0,27.36,0.0,245,1,95,10,340,11,165,1,84,8,249,9,0.9322,0.8,0.04019999999999999,0.0,0.044199999999999996,0.0,10,10,0,0.0,0,0,0.0,0,0.0,191.66,8,7
2025-01-24,110.46,0.0,5,0,5,0,22.09,0.0,10,0,22.09,0.0,213,4,74,7,287,11,151,3,59,6,210,9,0.996,1.0,0.023799999999999998,0.0,0.023799999999999998,0.0,10,10,3,0.6,0,0,0.0,0,0.0,112.26,4,4
2025-01-25,214.0,0.0,8,0,8,0,26.75,0.0,10,0,26.75,0.0,265,2,57,1,322,3,177,2,46,1,223,3,0.9732,1.0,0.0359,0.0,0.0359,0.0,10,10,0,0.0,0,0,0.0,0,0.0,114.05,6,6
2025-01-26,370.32,39.99,14,1,14,1,26.45,39.99,10,10,26.45,39.99,384,11,115,2,499,13,257,7,88,2,345,9,0.9851000000000001,1.0,0.0406,0.11109999999999999,0.0406,0.11109999999999999,10,10,0,0.0,0,0,0.0,0,0.0,236.37,11,11
2025-01-27,280.0,0.0,12,0,11,0,25.45,0.0,109,0,23.33,0.0,269,10,119,19,388,29,164,5,88,12,252,17,0.9749,0.875,0.0437,0.0,0.047599999999999996,0.0,10,10,0,0.0,0,0,0.0,0,0.0,368.59,19,19
2025-01-28,164.99,0.0,7,0,7,0,23.57,0.0,10,0,23.57,0.0,189,0,71,3,260,3,128,0,57,3,185,3,0.9462,1.0,0.0378,0.0,0.0378,0.0,10,10,0,0.0,0,0,0.0,0,0.0,244.63,13,12
2025-01-29,398.98,61.99,17,2,16,2,24.94,31.0,106,10,23.47,31.0,286,4,115,12,401,16,185,3,91,7,276,10,0.9623999999999999,1.0,0.057999999999999996,0.2,0.0616,0.2,10,10,1,0.0588,0,0,0.0,0,0.0,249.51,12,12
2025-01-30,433.32,16.53,17,1,16,1,27.08,16.53,106,10,25.49,16.53,288,5,137,4,425,9,188,2,108,3,296,5,0.978,0.8,0.0541,0.2,0.0574,0.2,10,10,2,0.1176,0,0,0.0,0,0.0,292.56,15,15
2025-01-31,400.0,0.0,16,0,16,0,25.0,0.0,10,0,25.0,0.0,248,4,100,7,348,11,173,4,76,5,249,9,0.9739,0.875,0.0643,0.0,0.0643,0.0,10,10,0,0.0,0,0,0.0,0,0.0,376.85,18,17
2025-02-01,411.45,0.0,14,0,14,0,29.39,0.0,10,0,29.39,0.0,325,2,85,2,410,4,226,1,67,1,293,2,0.9856999999999999,1.0,0.0478,0.0,0.0478,0.0,10,10,0,0.0,0,0,0.0,0,0.0,202.46,10,10
2025-02-02,218.36,0.0,9,0,9,0,24.26,0.0,10,0,24.26,0.0,423,1,84,3,507,4,287,1,75,3,362,4,0.977,1.0,0.024900000000000002,0.0,0.024900000000000002,0.0,10,10,1,0.11109999999999999,1,0,0.0,0,0.0,309.08,14,14
2025-02-03,357.98,0.0,13,0,13,0,27.54,0.0,10,0,27.54,0.0,331,3,127,15,458,18,224,3,98,8,322,11,0.9519,0.5,0.0404,0.0,0.0404,0.0,10,10,0,0.0,0,0,0.0,0,0.0,327.27,13,13
2025-02-04,364.46,22.0,12,1,12,1,30.37,22.0,10,10,30.37,22.0,384,5,141,6,525,11,248,4,118,6,366,10,0.9595,0.75,0.032799999999999996,0.1,0.032799999999999996,0.1,10,10,2,0.16670000000000001,0,0,0.0,0,0.0,339.58,13,13
2025-02-05,705.45,0.0,24,0,24,0,29.39,0.0,10,0,29.39,0.0,353,2,148,1,501,3,245,2,121,1,366,3,0.9556,1.0,0.06559999999999999,0.0,0.06559999999999999,0.0,10,10,2,0.0833,0,0,0.0,0,0.0,454.54,21,21
2025-02-06,443.98,0.0,15,0,15,0,29.6,0.0,10,0,29.6,0.0,281,4,134,9,415,13,204,3,106,8,310,11,0.9634999999999999,1.0,0.0484,0.0,0.0484,0.0,10,10,1,0.0667,0,0,0.0,0,0.0,449.51,17,17
2025-02-07,443.52,0.0,17,0,16,0,27.72,0.0,106,0,26.09,0.0,241,3,107,1,348,4,160,2,83,1,243,3,0.9764,1.0,0.0658,0.0,0.07,0.0,10,10,0,0.0,0,0,0.0,0,0.0,292.49,14,13
2025-02-08,264.99,0.0,10,0,10,0,26.5,0.0,10,0,26.5,0.0,245,1,96,2,341,3,176,1,77,2,253,3,0.9862000000000001,1.0,0.0395,0.0,0.0395,0.0,10,10,1,0.1,0,0,0.0,0,0.0,268.58,12,12
2025-02-09,425.98,32.99,15,1,15,1,28.4,32.99,10,10,28.4,32.99,349,3,95,0,444,3,234,1,78,0,312,1,0.9756,1.0,0.0481,1.0,0.0481,1.0,10,10,0,0.0,0,0,0.0,0,0.0,266.92,11,11
2025-02-10,452.0,0.0,16,0,16,0,28.25,0.0,10,0,28.25,0.0,304,1,88,4,392,5,201,1,80,4,281,5,0.9569,1.0,0.056900000000000006,0.0,0.056900000000000006,0.0,9,9,1,0.0625,0,0,0.0,0,0.0,348.62,14,14
2025-02-11,337.46,22.0,13,1,12,1,28.12,22.0,108,10,25.96,22.0,230,2,101,8,331,10,161,1,81,6,242,7,0.8305,1.0,0.0496,0.1429,0.0537,0.1429,8,8,1,0.07690000000000001,0,0,0.0,0,0.0,370.24,15,15
2025-02-12,156.0,0.0,6,0,6,0,26.0,0.0,10,0,26.0,0.0,286,6,110,7,396,13,197,4,86,4,283,8,0.8314,1.0,0.0212,0.0,0.0212,0.0,12,10,0,0.0,0,0,0.0,0,0.0,195.03,9,9
2025-02-13,513.94,40.0,18,2,17,1,30.23,40.0,106,20,28.55,20.0,256,3,126,2,382,5,186,3,98,2,284,5,0.9377,1.0,0.0599,0.2,0.0634,0.4,12,10,0,0.0,0,0,0.0,0,0.0,225.6,11,11
2025-02-14,289.97,0.0,10,0,10,0,29.0,0.0,10,0,29.0,0.0,243,3,99,5,342,8,166,3,74,4,240,7,0.8694,1.0,0.0417,0.0,0.0417,0.0,12,10,1,0.1,0,0,0.0,0,0.0,302.43,12,12
2025-02-15,252.44,0.0,9,0,8,0,31.56,0.0,112,0,28.05,0.0,268,0,111,2,379,2,192,0,86,2,278,2,0.8029999999999999,1.0,0.0288,0.0,0.032400000000000005,0.0,12,10,1,0.11109999999999999,0,0,0.0,0,0.0,195.03,8,7
2025-02-16,327.97,0.0,12,0,12,0,27.33,0.0,10,0,27.33,0.0,423,7,158,12,581,19,269,5,117,7,386,12,0.7914,0.5556,0.0311,0.0,0.0311,0.0,12,10,0,0.0,1,0,0.0,0,0.0,299.12,13,13
2025-02-17,335.97,0.0,13,0,12,0,28.0,0.0,108,0,25.84,0.0,312,8,154,8,466,16,211,4,113,8,324,12,0.8370000000000001,0.8,0.037000000000000005,0.0,0.0401,0.0,12,10,2,0.15380000000000002,0,0,0.0,0,0.0,213.21,11,10
2025-02-18,475.34,0.0,15,0,14,0,33.95,0.0,107,0,31.69,0.0,285,3,160,5,445,8,191,3,116,3,307,6,0.8886,1.0,0.045599999999999995,0.0,0.0489,0.0,12,10,0,0.0,0,0,0.0,0,0.0,540.42,23,22
2025-02-19,487.3,22.0,20,1,19,1,25.65,22.0,105,10,24.36,22.0,288,3,161,12,449,15,186,2,115,8,301,10,0.8406999999999999,0.7778,0.06309999999999999,0.1,0.0664,0.1,12,10,3,0.15,0,0,0.0,0,0.0,205.74,8,8
2025-02-20,358.94,0.0,11,0,11,0,32.63,0.0,10,0,32.63,0.0,236,14,98,5,334,19,172,9,72,4,244,13,0.9356,1.0,0.0451,0.0,0.0451,0.0,12,10,1,0.0909,0,0,0.0,0,0.0,457.76,22,22
2025-02-21,497.31,20.0,18,1,18,1,27.63,20.0,10,10,27.63,20.0,348,0,162,3,510,3,226,0,129,2,355,2,0.8756,1.0,0.0507,0.5,0.0507,0.5,11,9,0,0.0,0,0,0.0,0,0.0,295.82,12,12
2025-02-22,276.31,20.0,11,1,11,1,25.12,20.0,10,10,25.12,20.0,315,8,88,4,403,12,186,4,68,4,254,8,0.8922,0.8332999999999999,0.0433,0.125,0.0433,0.125,11,9,1,0.0909,0,0,0.0,0,0.0,196.61,9,9
2025-02-23,253.97,0.0,9,0,9,0,28.22,0.0,10,0,28.22,0.0,313,0,127,4,440,4,191,0,101,4,292,4,0.8466,0.5,0.0308,0.0,0.0308,0.0,11,9,0,0.0,0,0,0.0,0,0.0,173.55,9,9
2025-02-24,452.3,0.0,18,0,17,0,26.61,0.0,106,0,25.13,0.0,315,4,165,2,480,6,209,3,130,2,339,5,0.8862000000000001,0.5,0.0501,0.0,0.053099999999999994,0.0,11,9,0,0.0,0,0,0.0,0,0.0,470.98,18,18
2025-02-25,511.96,39.99,20,1,19,1,26.95,39.99,105,10,25.6,39.99,339,16,112,4,451,20,219,11,89,4,308,15,0.8848,0.8,0.0617,0.0667,0.0649,0.0667,12,9,1,0.05,0,0,0.0,0,0.0,327.27,17,17
2025-02-26,403.95,39.99,14,1,14,1,28.85,39.99,10,10,28.85,39.99,269,8,121,5,390,13,180,5,82,3,262,8,0.8464,0.6,0.053399999999999996,0.125,0.053399999999999996,0.125,12,9,0,0.0,0,0,0.0,0,0.0,368.56,17,17
2025-02-27,412.64,0.0,13,0,13,0,31.74,0.0,10,0,31.74,0.0,295,2,94,8,389,10,194,1,76,6,270,7,0.9215000000000001,1.0,0.0481,0.0,0.0481,0.0,12,9,1,0.07690000000000001,0,0,0.0,0,0.0,495.78,20,19
2025-02-28,252.32,0.0,10,0,10,0,25.23,0.0,10,0,25.23,0.0,216,2,115,4,331,6,145,2,80,4,225,6,0.9107,1.0,0.0444,0.0,0.0444,0.0,12,9,1,0.1,0,0,0.0,0,0.0,289.23,13,13
2025-03-01,341.96,22.0,12,1,12,1,28.5,22.0,10,10,28.5,22.0,332,2,91,2,423,4,212,1,65,1,277,2,0.93,1.0,0.0433,0.5,0.0433,0.5,12,9,0,0.0,0,0,0.0,0,0.0,168.57,7,7
2025-03-02,366.05,0.0,13,0,13,0,28.16,0.0,10,0,28.16,0.0,360,8,136,9,496,17,255,6,96,4,351,10,0.9028,0.7143,0.037000000000000005,0.0,0.037000000000000005,0.0,11,9,0,0.0,0,0,0.0,0,0.0,222.46,10,10
2025-03-03,558.06,0.0,21,0,20,0,27.9,0.0,105,0,26.57,0.0,339,6,139,6,478,12,228,2,111,6,339,8,0.899,1.0,0.059000000000000004,0.0,0.061900000000000004,0.0,11,9,0,0.0,0,0,0.0,0,0.0,629.66,26,26
2025-03-04,450.63,39.99,14,1,14,1,32.19,39.99,10,10,32.19,39.99,299,19,198,6,497,25,194,8,108,6,302,14,0.8,0.8332999999999999,0.0464,0.07139999999999999,0.0464,0.07139999999999999,10,8,0,0.0,1,0,0.0,0,0.0,381.69,16,15
2025-03-05,291.28,0.0,11,0,11,0,26.48,0.0,10,0,26.48,0.0,249,18,102,4,351,22,168,7,85,3,253,10,0.9484,1.0,0.0435,0.0,0.0435,0.0,10,8,1,0.0909,1,0,0.0,0,0.0,236.11,10,10
2025-03-06,409.14,0.0,15,0,15,0,27.28,0.0,10,0,27.28,0.0,354,5,124,3,478,8,198,3,86,2,284,5,0.9790000000000001,1.0,0.0528,0.0,0.0528,0.0,10,8,1,0.0667,0,0,0.0,0,0.0,309.04,14,14
2025-03-07,241.46,0.0,10,0,9,0,26.83,0.0,111,0,24.15,0.0,237,2,105,0,342,2,146,1,81,0,227,1,0.9931,0.0,0.039599999999999996,0.0,0.0441,0.0,10,8,1,0.1,0,0,0.0,0,0.0,230.75,11,11
2025-03-08,499.21,0.0,18,0,18,0,27.73,0.0,10,0,27.73,0.0,174,3,63,0,237,3,116,3,49,0,165,3,0.9848,1.0,0.1091,0.0,0.1091,0.0,10,8,0,0.0,0,0,0.0,0,0.0,305.32,13,12
2025-03-09,309.18,22.0,12,1,12,1,25.76,22.0,10,10,25.76,22.0,301,5,101,3,402,8,183,2,76,2,259,4,0.9601000000000001,0.8,0.0463,0.25,0.0463,0.25,9,8,1,0.0833,0,0,0.0,0,0.0,251.83,13,13
2025-03-10,468.02,0.0,19,0,19,0,24.63,0.0,10,0,24.63,0.0,208,0,83,5,291,5,132,0,69,3,201,3,0.9447,0.4,0.09449999999999999,0.0,0.09449999999999999,0.0,9,8,1,0.0526,0,0,0.0,0,0.0,400.3,19,19
2025-03-11,384.86,22.0,16,1,16,1,24.05,22.0,10,10,24.05,22.0,166,0,96,14,262,14,115,0,67,7,182,7,0.9328,0.5385,0.08789999999999999,0.1429,0.08789999999999999,0.1429,8,8,2,0.125,0,0,0.0,0,0.0,473.68,21,21
2025-03-12,317.41,0.0,13,0,13,0,24.42,0.0,10,0,24.42,0.0,180,0,111,23,291,23,102,0,70,8,172,8,0.9597,0.46149999999999997,0.0756,0.0,0.0756,0.0,8,8,2,0.15380000000000002,0,0,0.0,0,0.0,266.26,14,14
2025-03-13,373.6,0.0,15,0,15,0,24.91,0.0,10,0,24.91,0.0,241,1,114,20,355,21,142,1,71,8,213,9,0.9377,0.6875,0.0704,0.0,0.0704,0.0,10,7,2,0.1333,0,0,0.0,0,0.0,349.1,17,17
2025-03-14,699.45,39.99,26,1,23,1,30.41,39.99,113,10,26.9,39.99,240,6,98,6,338,12,139,3,73,6,212,9,0.9631000000000001,0.875,0.1085,0.11109999999999999,0.1226,0.11109999999999999,10,7,2,0.07690000000000001,0,0,0.0,0,0.0,266.72,12,11
2025-03-15,447.31,39.99,15,1,15,1,29.82,39.99,10,10,29.82,39.99,161,4,108,10,269,14,115,2,74,5,189,7,0.9623,0.6667000000000001,0.0794,0.1429,0.0794,0.1429,11,7,1,0.0667,0,0,0.0,0,0.0,414.6,20,18
2025-03-16,419.0,0.0,18,0,18,0,23.28,0.0,10,0,23.28,0.0,282,3,110,4,392,7,188,2,84,3,272,5,0.929,0.6667000000000001,0.0662,0.0,0.0662,0.0,11,7,1,0.0556,0,0,0.0,0,0.0,229.29,10,10
2025-03-17,602.91,0.0,21,0,21,0,28.71,0.0,10,0,28.71,0.0,264,5,131,7,395,12,149,4,92,5,241,9,0.9587,1.0,0.08710000000000001,0.0,0.08710000000000001,0.0,10,7,1,0.047599999999999996,0,0,0.0,0,0.0,634.61,28,28
2025-03-18,546.21,0.0,19,0,18,0,30.34,0.0,106,0,28.75,0.0,259,5,162,35,421,40,172,3,106,7,278,10,0.8740000000000001,0.6470999999999999,0.0647,0.0,0.0683,0.0,10,7,3,0.15789999999999998,0,0,0.0,0,0.0,409.24,17,17
2025-03-19,463.71,39.99,15,1,14,1,33.12,39.99,107,10,30.91,39.99,232,6,96,21,328,27,149,4,70,14,219,18,0.8795999999999999,0.8125,0.0639,0.0556,0.06849999999999999,0.0556,10,6,1,0.0667,0,0,0.0,0,0.0,401.62,15,15
2025-03-20,507.65,0.0,15,0,14,0,36.26,0.0,107,0,33.84,0.0,193,1,74,8,267,9,112,1,57,6,169,7,0.9688,0.6667000000000001,0.0828,0.0,0.0888,0.0,10,6,1,0.0667,0,0,0.0,0,0.0,384.34,18,16
2025-03-21,209.75,0.0,8,0,8,0,26.22,0.0,10,0,26.22,0.0,197,1,106,12,303,13,137,1,81,10,218,11,0.9811,0.8571,0.036699999999999997,0.0,0.036699999999999997,0.0,10,6,0,0.0,0,0,0.0,0,0.0,450.4,17,16
2025-03-22,167.75,0.0,7,0,7,0,23.96,0.0,10,0,23.96,0.0,233,5,91,4,324,9,169,4,69,4,238,8,0.9926999999999999,1.0,0.0294,0.0,0.0294,0.0,10,6,2,0.2857,1,0,0.0,0,0.0,127.06,5,5
2025-03-23,433.42,0.0,15,0,15,0,28.89,0.0,10,0,28.89,0.0,315,1,142,8,457,9,191,1,102,6,293,7,0.9704,0.75,0.0512,0.0,0.0512,0.0,10,6,1,0.0667,0,0,0.0,0,0.0,348.15,18,18
2025-03-24,500.05,36.53,19,2,19,2,26.32,18.26,10,10,26.32,18.26,284,1,157,12,441,13,175,1,124,10,299,11,0.9458,0.6667000000000001,0.0635,0.1818,0.0635,0.1818,9,6,2,0.10529999999999999,0,0,0.0,0,0.0,277.48,11,11
2025-03-25,588.67,0.0,23,0,21,0,28.03,0.0,11,0,25.59,0.0,267,0,145,2,412,2,197,0,118,2,315,2,0.9403,1.0,0.0667,0.0,0.073,0.0,9,6,1,0.0435,1,1,1.0,0,0.0,487.81,22,20
2025-03-26,401.9,39.99,16,1,16,1,25.12,39.99,10,10,25.12,39.99,217,2,100,6,317,8,144,2,71,4,215,6,0.938,0.7143,0.07440000000000001,0.16670000000000001,0.07440000000000001,0.16670000000000001,9,6,1,0.0625,0,0,0.0,0,0.0,352.89,17,17
2025-03-27,276.5,0.0,11,0,10,0,27.65,0.0,11,0,25.14,0.0,183,3,94,1,277,4,122,3,73,1,195,4,0.9628,1.0,0.0513,0.0,0.0564,0.0,9,6,0,0.0,0,0,0.0,0,0.0,350.62,17,17
2025-03-28,251.5,0.0,10,0,10,0,25.15,0.0,10,0,25.15,0.0,145,3,103,3,248,6,99,3,81,3,180,6,0.9952,0.75,0.0556,0.0,0.0556,0.0,9,6,1,0.1,0,0,0.0,0,0.0,151.24,8,7
2025-03-29,327.33,0.0,13,0,13,0,25.18,0.0,10,0,25.18,0.0,182,0,68,5,250,5,116,0,46,5,162,5,0.9904000000000001,0.75,0.0802,0.0,0.0802,0.0,9,6,0,0.0,0,0,0.0,0,0.0,263.22,12,12
2025-03-30,404.25,0.0,16,0,16,0,25.27,0.0,10,0,25.27,0.0,200,2,95,0,295,2,136,2,63,0,199,2,0.9698,0.0,0.08039999999999999,0.0,0.08039999999999999,0.0,9,6,1,0.0625,0,0,0.0,0,0.0,235.54,12,12
2025-03-31,290.17,0.0,12,0,12,0,24.18,0.0,10,0,24.18,0.0,203,2,100,3,303,5,141,2,77,3,218,5,0.9423,0.3333,0.055,0.0,0.055,0.0,9,6,1,0.0833,0,0,0.0,0,0.0,188.23,10,10
2025-04-01,273.75,0.0,9,0,9,0,30.42,0.0,10,0,30.42,0.0,184,7,129,5,313,12,123,3,76,5,199,8,0.9559000000000001,1.0,0.0452,0.0,0.0452,0.0,9,6,0,0.0,0,0,0.0,0,0.0,212.81,9,9
2025-04-02,339.66,0.0,15,0,12,0,28.3,0.0,125,0,22.64,0.0,149,2,108,7,257,9,110,2,80,6,190,8,0.9821,1.0,0.0632,0.0,0.0789,0.0,11,6,0,0.0,0,0,0.0,0,0.0,334.92,15,15
2025-04-03,254.0,0.0,10,0,10,0,25.4,0.0,10,0,25.4,0.0,195,1,74,3,269,4,124,1,53,2,177,3,0.9913,1.0,0.0565,0.0,0.0565,0.0,11,6,0,0.0,0,0,0.0,0,0.0,333.48,18,16
2025-04-04,132.41,0.0,5,0,5,0,26.48,0.0,10,0,26.48,0.0,190,7,124,0,314,7,140,5,82,0,222,5,0.9928,1.0,0.0225,0.0,0.0225,0.0,11,6,2,0.4,0,0,0.0,0,0.0,216.32,9,9
2025-04-05,199.0,0.0,7,0,7,0,28.43,0.0,10,0,28.43,0.0,210,2,73,7,283,9,140,1,53,4,193,5,0.9871,0.875,0.0363,0.0,0.0363,0.0,11,6,0,0.0,0,0,0.0,0,0.0,127.27,5,5
2025-04-06,172.0,0.0,7,0,7,0,24.57,0.0,10,0,24.57,0.0,221,1,116,4,337,5,145,1,74,4,219,5,0.9829000000000001,1.0,0.032,0.0,0.032,0.0,11,6,1,0.1429,0,0,0.0,0,0.0,164.46,7,7
2025-04-07,319.0,0.0,13,0,13,0,24.54,0.0,10,0,24.54,0.0,195,0,109,9,304,9,134,0,83,4,217,4,0.9549,0.1429,0.0599,0.0,0.0599,0.0,11,6,2,0.15380000000000002,0,0,0.0,0,0.0,212.4,11,11
2025-04-08,419.33,0.0,17,0,17,0,24.67,0.0,10,0,24.67,0.0,222,2,111,6,333,8,139,2,89,6,228,8,0.9756999999999999,1.0,0.0746,0.0,0.0746,0.0,10,6,1,0.0588,0,0,0.0,0,0.0,308.06,16,16
2025-04-09,458.23,40.0,20,2,18,1,25.46,40.0,111,20,22.91,20.0,196,9,114,6,310,15,137,4,88,4,225,8,0.9464,0.6154,0.08,0.125,0.0889,0.25,10,6,1,0.05,0,0,0.0,0,0.0,317.36,16,16
2025-04-10,147.0,0.0,6,0,6,0,24.5,0.0,10,0,24.5,0.0,244,0,110,2,354,2,157,0,83,2,240,2,0.9615,0.0,0.025,0.0,0.025,0.0,15,7,1,0.16670000000000001,0,0,0.0,0,0.0,254.34,13,11
2025-04-11,214.4,39.99,7,1,7,1,30.63,39.99,10,10,30.63,39.99,179,1,100,12,279,13,120,1,72,8,192,9,0.9751000000000001,1.0,0.0365,0.11109999999999999,0.0365,0.11109999999999999,15,7,0,0.0,0,0,0.0,0,0.0,197.52,9,9
2025-04-12,154.69,0.0,5,0,5,0,30.94,0.0,10,0,30.94,0.0,189,9,72,12,261,21,134,3,52,5,186,8,0.9505,0.8332999999999999,0.0269,0.0,0.0269,0.0,15,7,2,0.4,0,0,0.0,0,0.0,135.53,5,5
2025-04-13,261.0,0.0,9,0,9,0,29.0,0.0,10,0,29.0,0.0,262,2,125,2,387,4,147,1,72,1,219,2,0.9122,1.0,0.041100000000000005,0.0,0.041100000000000005,0.0,15,7,0,0.0,0,0,0.0,0,0.0,78.51,4,4
2025-04-14,321.33,0.0,12,0,12,0,26.78,0.0,10,0,26.78,0.0,188,6,124,11,312,17,138,5,96,8,234,13,0.938,0.9,0.0513,0.0,0.0513,0.0,15,7,1,0.0833,0,0,0.0,0,0.0,327.27,15,15
2025-04-15,328.74,25.0,11,1,11,1,29.89,25.0,10,10,29.89,25.0,192,2,127,4,319,6,126,2,94,4,220,6,0.9754,0.8,0.05,0.16670000000000001,0.05,0.16670000000000001,15,7,1,0.0909,1,0,0.0,0,0.0,348.76,14,14
2025-04-16,286.99,39.99,10,1,10,1,28.7,39.99,10,10,28.7,39.99,164,1,112,3,276,4,124,1,85,3,209,4,0.9595,1.0,0.0478,0.25,0.0478,0.25,15,7,0,0.0,0,0,0.0,0,0.0,185.12,7,7
2025-04-17,177.0,0.0,8,0,8,0,22.12,0.0,10,0,22.12,0.0,126,1,99,2,225,3,98,1,73,2,171,3,0.9091,1.0,0.046799999999999994,0.0,0.046799999999999994,0.0,15,7,1,0.125,0,0,0.0,0,0.0,131.4,6,6
2025-04-18,45.41,0.0,2,0,2,0,22.7,0.0,10,0,22.7,0.0,142,1,108,2,250,3,101,1,74,1,175,2,0.8848,1.0,0.011399999999999999,0.0,0.011399999999999999,0.0,14,7,0,0.0,0,0,0.0,0,0.0,33.06,2,2
2025-04-19,321.33,0.0,12,0,12,0,26.78,0.0,10,0,26.78,0.0,224,12,78,6,302,18,144,11,60,6,204,17,0.9813,1.0,0.0588,0.0,0.0588,0.0,14,7,0,0.0,0,0,0.0,0,0.0,86.78,5,5
2025-04-20,326.66,20.0,12,1,11,1,29.7,20.0,109,10,27.22,20.0,224,5,83,2,307,7,162,4,72,2,234,6,0.9745,1.0,0.047,0.16670000000000001,0.0513,0.16670000000000001,14,7,0,0.0,0,0,0.0,0,0.0,278.5,13,13
2025-04-21,219.71,0.0,10,0,10,0,21.97,0.0,10,0,21.97,0.0,191,7,85,1,276,8,133,6,64,1,197,7,0.9592,1.0,0.0508,0.0,0.0508,0.0,14,7,0,0.0,0,0,0.0,0,0.0,300.0,13,13
2025-04-22,410.86,16.53,17,1,17,1,24.17,16.53,10,10,24.17,16.53,239,4,126,10,365,14,152,3,86,6,238,9,0.9459000000000001,1.0,0.07139999999999999,0.11109999999999999,0.07139999999999999,0.11109999999999999,14,7,0,0.0,0,0,0.0,0,0.0,242.98,12,12
2025-04-23,287.41,0.0,12,0,12,0,23.95,0.0,10,0,23.95,0.0,208,5,110,6,318,11,155,4,80,4,235,8,0.9236,0.875,0.051100000000000007,0.0,0.051100000000000007,0.0,14,7,1,0.0833,0,0,0.0,0,0.0,249.59,13,13
2025-04-24,497.36,0.0,18,0,18,0,27.63,0.0,10,0,27.63,0.0,183,1,123,2,306,3,121,1,93,2,214,3,0.8885,0.3333,0.08410000000000001,0.0,0.08410000000000001,0.0,14,7,3,0.16670000000000001,0,0,0.0,0,0.0,399.18,19,18
2025-04-25,217.0,0.0,9,0,9,0,24.11,0.0,10,0,24.11,0.0,157,3,64,1,221,4,104,2,54,1,158,3,0.975,0.0,0.057,0.0,0.057,0.0,14,7,0,0.0,0,0,0.0,0,0.0,304.13,14,14
2025-04-26,242.33,0.0,11,0,11,0,22.03,0.0,10,0,22.03,0.0,154,9,119,3,273,12,98,4,72,1,170,5,0.9606999999999999,1.0,0.0647,0.0,0.0647,0.0,14,7,1,0.0909,0,0,0.0,0,0.0,218.18,11,11
2025-04-27,329.38,0.0,11,0,11,0,29.94,0.0,10,0,29.94,0.0,202,2,68,2,270,4,138,2,56,2,194,4,0.9322,0.0,0.0567,0.0,0.0567,0.0,14,7,1,0.0909,0,0,0.0,0,0.0,88.43,4,4
2025-04-28,147.74,0.0,6,0,6,0,24.62,0.0,10,0,24.62,0.0,89,2,26,1,115,3,57,1,23,1,80,2,0.8889,1.0,0.075,0.0,0.075,0.0,14,7,0,0.0,0,0,0.0,0,0.0,109.09,5,5
2025-04-29,344.1,42.0,12,1,12,1,28.68,42.0,10,10,28.68,42.0,151,7,87,0,238,7,92,4,63,0,155,4,0.9303,1.0,0.0774,0.25,0.0774,0.25,14,7,2,0.16670000000000001,0,0,0.0,0,0.0,78.51,4,4
2025-04-30,461.99,59.99,20,2,19,2,24.32,30.0,105,10,23.1,30.0,229,0,88,11,317,11,144,0,62,8,206,8,0.9348000000000001,1.0,0.0922,0.25,0.0971,0.25,14,7,0,0.0,0,0,0.0,0,0.0,316.53,14,14
2025-05-01,219.41,0.0,8,0,8,0,27.43,0.0,10,0,27.43,0.0,247,2,61,0,308,2,185,2,55,0,240,2,0.9773000000000001,0.0,0.0333,0.0,0.0333,0.0,14,7,0,0.0,0,0,0.0,0,0.0,210.74,11,11
2025-05-02,494.41,0.0,16,0,15,0,32.96,0.0,107,0,30.9,0.0,172,1,131,6,303,7,117,1,96,3,213,4,0.9621,0.5,0.0704,0.0,0.0751,0.0,14,7,0,0.0,0,0,0.0,0,0.0,423.97,20,19
2025-05-03,223.0,0.0,9,0,9,0,24.78,0.0,10,0,24.78,0.0,174,3,69,0,243,3,118,3,52,0,170,3,0.9484,0.6667000000000001,0.0529,0.0,0.0529,0.0,14,7,0,0.0,0,0,0.0,0,0.0,319.83,12,12
2025-05-04,177.41,20.0,7,1,7,1,25.34,20.0,10,10,25.34,20.0,240,2,94,0,334,2,156,2,74,0,230,2,0.9466,1.0,0.0304,0.5,0.0304,0.5,14,7,0,0.0,0,0,0.0,0,0.0,266.94,11,10
2025-05-05,256.53,16.53,12,1,12,1,21.38,16.53,10,10,21.38,16.53,129,1,100,5,229,6,79,1,72,5,151,6,0.9154000000000001,0.8,0.0795,0.16670000000000001,0.0795,0.16670000000000001,14,7,1,0.0833,0,0,0.0,0,0.0,279.34,14,14
2025-05-06,195.0,0.0,9,0,7,0,27.86,0.0,129,0,21.67,0.0,92,1,70,0,162,1,60,1,55,0,115,1,0.9484999999999999,0.0,0.060899999999999996,0.0,0.0783,0.0,14,7,0,0.0,0,0,0.0,0,0.0,194.22,11,10
2025-05-07,260.0,0.0,12,0,11,0,23.64,0.0,109,0,21.67,0.0,144,1,47,0,191,1,99,1,40,0,139,1,0.9018,0.0,0.0791,0.0,0.0863,0.0,14,7,1,0.0833,0,0,0.0,0,0.0,268.6,15,14
2025-05-08,289.0,0.0,11,0,11,0,26.27,0.0,10,0,26.27,0.0,135,1,55,1,190,2,94,1,44,1,138,2,0.8902,1.0,0.0797,0.0,0.0797,0.0,14,7,1,0.0909,1,0,0.0,0,0.0,288.43,14,14
2025-05-09,280.0,0.0,12,0,7,0,40.0,0.0,171,0,23.33,0.0,138,0,43,0,181,0,87,0,37,0,124,0,0.9308,0.0,0.0565,0.0,0.0968,0.0,14,7,0,0.0,0,0,0.0,0,0.0,165.29,9,9
2025-05-10,197.41,0.0,8,0,8,0,24.68,0.0,10,0,24.68,0.0,140,0,60,4,200,4,85,0,42,3,127,3,0.8941,0.5,0.063,0.0,0.063,0.0,14,7,0,0.0,0,0,0.0,0,0.0,212.39,10,7
2025-05-11,189.0,0.0,7,0,7,0,27.0,0.0,10,0,27.0,0.0,138,3,65,0,203,3,102,2,44,0,146,2,0.8946999999999999,1.0,0.0479,0.0,0.0479,0.0,14,7,0,0.0,0,0,0.0,0,0.0,115.7,6,5
2025-05-12,236.66,0.0,8,0,7,0,33.81,0.0,114,0,29.58,0.0,185,1,80,10,265,11,106,1,65,8,171,9,0.8654999999999999,0.875,0.0409,0.0,0.046799999999999994,0.0,14,7,3,0.375,0,0,0.0,0,0.0,156.2,7,7
2025-05-13,307.0,0.0,13,0,12,0,25.58,0.0,108,0,23.62,0.0,241,1,68,0,309,1,161,1,56,0,217,1,0.9323,1.0,0.0553,0.0,0.0599,0.0,14,7,1,0.07690000000000001,0,0,0.0,0,0.0,310.74,14,14
2025-05-14,378.0,0.0,14,0,14,0,27.0,0.0,10,0,27.0,0.0,193,1,90,0,283,1,138,1,69,0,207,1,0.9395,1.0,0.0676,0.0,0.0676,0.0,14,7,1,0.07139999999999999,0,0,0.0,0,0.0,226.45,11,10
2025-05-15,320.23,0.0,12,0,11,0,29.11,0.0,109,0,26.69,0.0,216,2,137,12,353,14,151,2,84,8,235,10,0.971,1.0,0.046799999999999994,0.0,0.051100000000000007,0.0,14,7,0,0.0,0,0,0.0,0,0.0,428.1,20,19
2025-05-16,150.0,0.0,7,0,7,0,21.43,0.0,10,0,21.43,0.0,187,0,96,7,283,7,134,0,70,5,204,5,0.9714,1.0,0.034300000000000004,0.0,0.034300000000000004,0.0,14,7,1,0.1429,0,0,0.0,0,0.0,191.73,9,9
2025-05-17,239.69,0.0,9,0,9,0,26.63,0.0,10,0,26.63,0.0,222,3,83,1,305,4,151,2,63,1,214,3,0.9528,0.5,0.0421,0.0,0.0421,0.0,13,7,1,0.11109999999999999,0,0,0.0,0,0.0,125.62,6,6
2025-05-18,334.69,0.0,12,0,12,0,27.89,0.0,10,0,27.89,0.0,214,17,105,8,319,25,144,11,81,6,225,17,0.9884999999999999,0.9091,0.0533,0.0,0.0533,0.0,13,7,0,0.0,0,0,0.0,0,0.0,152.9,9,9
2025-05-19,282.69,0.0,11,0,11,0,25.7,0.0,10,0,25.7,0.0,145,4,94,0,239,4,111,3,69,0,180,3,0.9579000000000001,1.0,0.0611,0.0,0.0611,0.0,13,7,0,0.0,0,0,0.0,0,0.0,284.29,11,11
2025-05-20,191.0,0.0,6,0,6,0,31.83,0.0,10,0,31.83,0.0,147,1,108,5,255,6,98,1,78,5,176,6,0.9821,1.0,0.0341,0.0,0.0341,0.0,13,7,0,0.0,0,0,0.0,0,0.0,247.11,12,12
2025-05-21,404.33,0.0,15,0,15,0,26.96,0.0,10,0,26.96,0.0,175,1,95,5,270,6,122,1,67,2,189,3,0.9556,0.0,0.0794,0.0,0.0794,0.0,13,7,3,0.2,0,0,0.0,0,0.0,213.22,8,8
2025-05-22,470.11,0.0,16,0,16,0,29.38,0.0,10,0,29.38,0.0,190,3,90,5,280,8,136,2,75,4,211,6,0.9759,1.0,0.0758,0.0,0.0758,0.0,14,8,1,0.0625,0,0,0.0,0,0.0,345.45,17,17
2025-05-23,340.51,20.0,13,1,13,1,26.19,20.0,10,10,26.19,20.0,118,0,93,17,211,17,93,0,67,8,160,8,0.977,1.0,0.08130000000000001,0.125,0.08130000000000001,0.125,14,7,0,0.0,0,0,0.0,0,0.0,326.44,13,13
2025-05-24,142.0,0.0,6,0,6,0,23.67,0.0,10,0,23.67,0.0,176,0,50,0,226,0,115,0,42,0,157,0,0.9579000000000001,0.0,0.0382,0.0,0.0382,0.0,14,7,0,0.0,1,0,0.0,0,0.0,139.67,6,6
2025-05-25,165.0,0.0,6,0,5,0,33.0,0.0,12,0,27.5,0.0,134,2,79,4,213,6,97,2,58,4,155,6,0.9511,1.0,0.0323,0.0,0.0387,0.0,14,7,0,0.0,0,0,0.0,0,0.0,155.37,8,7
2025-05-26,366.75,79.98,12,2,10,1,36.68,79.98,12,20,30.56,39.99,185,8,100,1,285,9,122,7,73,1,195,8,0.951,0.7143,0.0513,0.125,0.061500000000000006,0.25,14,7,2,0.16670000000000001,0,0,0.0,0,0.0,334.69,12,10
2025-05-27,395.0,0.0,14,0,14,0,28.21,0.0,10,0,28.21,0.0,189,1,68,0,257,1,131,1,57,0,188,1,0.9369,1.0,0.0745,0.0,0.0745,0.0,14,7,1,0.07139999999999999,0,0,0.0,0,0.0,261.16,12,12
2025-05-28,256.19,0.0,10,0,10,0,25.62,0.0,10,0,25.62,0.0,180,5,68,4,248,9,136,3,52,3,188,6,0.9641,1.0,0.053200000000000004,0.0,0.053200000000000004,0.0,14,7,1,0.1,0,0,0.0,0,0.0,179.34,9,9
2025-05-29,358.41,0.0,12,0,12,0,29.87,0.0,10,0,29.87,0.0,148,1,99,5,247,6,107,1,70,4,177,5,0.9656999999999999,1.0,0.0678,0.0,0.0678,0.0,14,7,0,0.0,0,0,0.0,0,0.0,242.15,10,10
2025-05-30,162.0,20.0,6,1,6,1,27.0,20.0,10,10,27.0,20.0,206,5,83,2,289,7,151,5,60,2,211,7,0.9544,0.6,0.028399999999999998,0.1429,0.028399999999999998,0.1429,14,7,1,0.16670000000000001,0,0,0.0,0,0.0,295.86,12,12
2025-05-31,241.51,0.0,9,0,9,0,26.83,0.0,10,0,26.83,0.0,222,1,71,0,293,1,154,1,62,0,216,1,0.9362999999999999,1.0,0.0417,0.0,0.0417,0.0,14,7,1,0.11109999999999999,0,0,0.0,0,0.0,20.66,1,1
2025-06-01,351.33,0.0,13,0,13,0,27.03,0.0,10,0,27.03,0.0,261,0,63,2,324,2,176,0,47,2,223,2,0.9817,1.0,0.0583,0.0,0.0583,0.0,14,7,0,0.0,0,0,0.0,0,0.0,204.13,9,9
2025-06-02,232.0,0.0,10,0,10,0,23.2,0.0,10,0,23.2,0.0,166,3,115,2,281,5,112,2,98,2,210,4,0.9368000000000001,1.0,0.047599999999999996,0.0,0.047599999999999996,0.0,14,7,0,0.0,0,0,0.0,0,0.0,473.54,21,21
2025-06-03,548.1,0.0,19,0,19,0,28.85,0.0,10,0,28.85,0.0,203,7,118,3,321,10,136,3,89,3,225,6,0.9304000000000001,0.0,0.08439999999999999,0.0,0.08439999999999999,0.0,14,7,1,0.0526,0,0,0.0,0,0.0,266.94,11,11
2025-06-04,363.0,62.0,14,2,14,2,25.93,31.0,10,10,25.93,31.0,195,2,88,4,283,6,130,2,65,4,195,6,0.9206,1.0,0.0718,0.3333,0.0718,0.3333,14,7,0,0.0,0,0,0.0,0,0.0,339.67,17,17
2025-06-05,152.41,0.0,6,0,6,0,25.4,0.0,10,0,25.4,0.0,153,1,62,3,215,4,105,1,51,3,156,4,0.9508,1.0,0.0385,0.0,0.0385,0.0,14,7,1,0.16670000000000001,0,0,0.0,0,0.0,255.37,12,12
2025-06-06,213.15,0.0,9,0,8,0,26.64,0.0,112,0,23.68,0.0,97,4,80,3,177,7,69,1,53,2,122,3,0.9236,1.0,0.06559999999999999,0.0,0.0738,0.0,14,7,0,0.0,0,0,0.0,0,0.0,244.63,11,11
2025-06-07,260.33,20.0,12,1,12,1,21.69,20.0,10,10,21.69,20.0,126,7,30,0,156,7,83,1,22,0,105,1,0.9615,1.0,0.1143,1.0,0.1143,1.0,14,7,1,0.0833,0,0,0.0,0,0.0,144.63,8,8
2025-06-08,154.0,0.0,5,0,5,0,30.8,0.0,10,0,30.8,0.0,122,1,37,0,159,1,87,1,30,0,117,1,0.9398000000000001,1.0,0.042699999999999995,0.0,0.042699999999999995,0.0,14,7,0,0.0,0,0,0.0,0,0.0,128.1,7,7
2025-06-09,157.0,0.0,6,0,6,0,26.17,0.0,10,0,26.17,0.0,78,0,76,0,154,0,56,0,54,0,110,0,0.9,0.0,0.0545,0.0,0.0545,0.0,14,7,0,0.0,0,0,0.0,0,0.0,166.94,8,8
2025-06-10,357.33,0.0,16,0,15,0,23.82,0.0,107,0,22.33,0.0,142,4,60,1,202,5,103,2,45,1,148,3,0.9034,1.0,0.1014,0.0,0.1081,0.0,13,7,1,0.0625,0,0,0.0,0,0.0,249.59,13,13
2025-06-11,167.0,0.0,7,0,7,0,23.86,0.0,10,0,23.86,0.0,95,2,39,0,134,2,72,2,33,0,105,2,0.8824,1.0,0.0667,0.0,0.0667,0.0,14,7,1,0.1429,0,0,0.0,0,0.0,168.6,8,8
2025-06-12,122.66,0.0,5,0,5,0,24.53,0.0,10,0,24.53,0.0,137,4,38,0,175,4,94,2,33,0,127,2,0.9470000000000001,0.0,0.0394,0.0,0.0394,0.0,14,7,2,0.4,0,0,0.0,0,0.0,156.2,7,7
2025-06-13,36.53,16.53,2,1,2,1,18.26,16.53,10,10,18.26,16.53,65,2,34,6,99,8,50,1,31,5,81,6,0.9309999999999999,1.0,0.024700000000000003,0.16670000000000001,0.024700000000000003,0.16670000000000001,14,7,0,0.0,0,0,0.0,0,0.0,49.59,3,3
2025-06-14,93.0,0.0,4,0,4,0,23.25,0.0,10,0,23.25,0.0,98,0,29,0,127,0,70,0,23,0,93,0,0.9369,0.0,0.043,0.0,0.043,0.0,14,7,1,0.25,0,0,0.0,0,0.0,27.27,1,1
2025-06-15,135.0,0.0,5,0,5,0,27.0,0.0,10,0,27.0,0.0,96,0,69,10,165,10,66,0,43,4,109,4,0.8369,0.8332999999999999,0.045899999999999996,0.0,0.045899999999999996,0.0,14,7,0,0.0,0,0,0.0,0,0.0,84.3,4,4
2025-06-16,60.0,0.0,3,0,3,0,20.0,0.0,10,0,20.0,0.0,119,0,54,0,173,0,79,0,41,0,120,0,0.9453,0.0,0.025,0.0,0.025,0.0,14,7,1,0.3333,1,0,0.0,0,0.0,126.45,7,7
2025-06-17,217.0,0.0,10,0,9,0,24.11,0.0,111,0,21.7,0.0,104,0,54,3,158,3,72,0,39,2,111,2,0.9545,1.0,0.08109999999999999,0.0,0.0901,0.0,14,7,0,0.0,0,0,0.0,0,0.0,171.08,10,9
2025-06-18,84.99,39.99,3,1,3,1,28.33,39.99,10,10,28.33,39.99,105,3,38,2,143,5,73,2,30,2,103,4,0.9237000000000001,1.0,0.0291,0.25,0.0291,0.25,14,7,0,0.0,0,0,0.0,0,0.0,128.09,6,6
2025-06-19,187.0,0.0,8,0,8,0,23.38,0.0,10,0,23.38,0.0,99,15,57,3,156,18,66,6,46,3,112,9,0.8986,0.6,0.07139999999999999,0.0,0.07139999999999999,0.0,14,7,2,0.25,0,0,0.0,0,0.0,138.02,7,7
2025-06-20,82.0,0.0,3,0,3,0,27.33,0.0,10,0,27.33,0.0,57,0,34,0,91,0,38,0,29,0,67,0,1.0,0.0,0.044800000000000006,0.0,0.044800000000000006,0.0,14,7,1,0.3333,0,0,0.0,0,0.0,33.06,2,2
2025-06-21,110.33,0.0,5,0,5,0,22.07,0.0,10,0,22.07,0.0,72,1,33,0,105,1,55,1,22,0,77,1,0.9355,1.0,0.0649,0.0,0.0649,0.0,14,7,1,0.2,0,0,0.0,0,0.0,33.06,2,2
2025-06-22,69.0,0.0,4,0,4,0,17.25,0.0,10,0,17.25,0.0,113,0,38,7,151,7,74,0,27,3,101,3,0.9495999999999999,0.0,0.039599999999999996,0.0,0.039599999999999996,0.0,14,7,0,0.0,0,0,0.0,0,0.0,109.09,5,5
2025-06-23,140.0,0.0,7,0,5,0,28.0,0.0,14,0,20.0,0.0,64,0,54,1,118,1,43,0,40,1,83,1,0.9368000000000001,0.0,0.0602,0.0,0.0843,0.0,14,7,1,0.1429,0,0,0.0,0,0.0,148.77,9,7
2025-06-24,247.0,0.0,11,0,10,0,24.7,0.0,11,0,22.45,0.0,78,2,49,3,127,5,58,1,39,3,97,4,0.9217,1.0,0.10310000000000001,0.0,0.1134,0.0,14,7,0,0.0,0,0,0.0,0,0.0,86.78,5,4
2025-06-25,158.54,0.0,7,0,7,0,22.65,0.0,10,0,22.65,0.0,103,0,53,1,156,1,68,0,42,1,110,1,0.8955,0.0,0.0636,0.0,0.0636,0.0,14,7,1,0.1429,0,0,0.0,0,0.0,231.41,12,12
2025-06-26,187.0,0.0,8,0,8,0,23.38,0.0,10,0,23.38,0.0,85,0,40,3,125,3,63,0,36,2,99,2,0.932,0.6667000000000001,0.0808,0.0,0.0808,0.0,14,7,0,0.0,0,0,0.0,0,0.0,154.55,8,8
2025-06-27,105.41,0.0,5,0,5,0,21.08,0.0,10,0,21.08,0.0,126,0,49,1,175,1,96,0,38,1,134,1,0.9615,1.0,0.0373,0.0,0.0373,0.0,14,7,0,0.0,0,0,0.0,0,0.0,69.43,5,5
2025-06-28,110.0,0.0,5,0,5,0,22.0,0.0,10,0,22.0,0.0,138,1,37,0,175,1,102,1,30,0,132,1,0.9484,0.0,0.0379,0.0,0.0379,0.0,14,7,0,0.0,0,0,0.0,0,0.0,66.12,4,4
2025-06-29,192.0,20.0,8,1,8,1,24.0,20.0,10,10,24.0,20.0,209,0,47,9,256,9,142,0,39,7,181,7,0.9256,0.7143,0.044199999999999996,0.1429,0.044199999999999996,0.1429,14,7,0,0.0,0,0,0.0,0,0.0,132.23,7,7
2025-06-30,390.07,0.0,17,0,17,0,22.95,0.0,10,0,22.95,0.0,153,0,104,9,257,9,107,0,81,8,188,8,0.9251999999999999,1.0,0.0904,0.0,0.0904,0.0,14,7,0,0.0,0,0,0.0,0,0.0,204.14,11,11
2025-07-01,267.0,0.0,10,0,10,0,26.7,0.0,10,0,26.7,0.0,179,0,89,0,268,0,131,0,65,0,196,0,0.9217,0.0,0.051,0.0,0.051,0.0,14,7,0,0.0,0,0,0.0,0,0.0,185.12,9,9
2025-07-02,407.41,0.0,16,0,15,0,27.16,0.0,107,0,25.46,0.0,217,0,71,2,288,2,159,0,61,2,220,2,0.9393,0.0,0.0682,0.0,0.0727,0.0,14,7,1,0.0625,0,0,0.0,0,0.0,366.94,17,16
2025-07-03,219.0,0.0,8,0,8,0,27.38,0.0,10,0,27.38,0.0,168,2,74,9,242,11,125,2,57,3,182,5,0.9767,1.0,0.044000000000000004,0.0,0.044000000000000004,0.0,14,7,1,0.125,0,0,0.0,0,0.0,261.98,12,12
2025-07-04,308.33,20.0,11,1,11,1,28.03,20.0,10,10,28.03,20.0,233,4,58,0,291,4,165,2,49,0,214,2,0.9881,1.0,0.051399999999999994,0.5,0.051399999999999994,0.5,14,7,1,0.0909,0,0,0.0,0,0.0,297.52,12,12
2025-07-05,304.0,0.0,11,0,10,0,30.4,0.0,11,0,27.64,0.0,161,1,53,2,214,3,133,1,41,1,174,2,0.9843999999999999,1.0,0.0575,0.0,0.0632,0.0,14,7,0,0.0,0,0,0.0,0,0.0,230.58,10,9
2025-07-06,338.33,0.0,12,0,12,0,28.19,0.0,10,0,28.19,0.0,301,2,98,2,399,4,204,2,67,2,271,4,0.9571,1.0,0.0443,0.0,0.0443,0.0,14,7,0,0.0,0,0,0.0,0,0.0,128.1,7,7
2025-07-07,271.0,0.0,10,0,10,0,27.1,0.0,10,0,27.1,0.0,240,6,86,1,326,7,161,3,62,1,223,4,0.9821,1.0,0.044800000000000006,0.0,0.044800000000000006,0.0,14,7,1,0.1,0,0,0.0,0,0.0,328.93,15,15
2025-07-08,347.0,0.0,14,0,14,0,24.79,0.0,10,0,24.79,0.0,366,1,119,16,485,17,239,1,91,12,330,13,0.9704999999999999,0.8,0.0424,0.0,0.0424,0.0,14,7,0,0.0,0,0,0.0,0,0.0,304.96,13,13
2025-07-09,605.58,0.0,24,0,23,0,26.33,0.0,104,0,25.23,0.0,265,0,189,7,454,7,178,0,143,6,321,6,0.9945999999999999,1.0,0.0717,0.0,0.0748,0.0,14,7,0,0.0,0,0,0.0,0,0.0,312.41,16,16
2025-07-10,577.8,0.0,22,0,22,0,26.26,0.0,10,0,26.26,0.0,266,4,142,2,408,6,177,3,108,1,285,4,0.9973000000000001,1.0,0.07719999999999999,0.0,0.07719999999999999,0.0,14,7,0,0.0,0,0,0.0,0,0.0,513.24,23,23
2025-07-11,509.6,0.0,25,0,25,0,20.38,0.0,10,0,20.38,0.0,312,15,118,2,430,17,220,13,94,2,314,15,1.0,1.0,0.0796,0.0,0.0796,0.0,14,7,1,0.04,0,0,0.0,0,0.0,365.32,19,19
2025-07-12,208.83,18.0,10,1,10,1,20.88,18.0,10,10,20.88,18.0,201,5,72,5,273,10,142,4,59,4,201,8,0.9872,1.0,0.049800000000000004,0.125,0.049800000000000004,0.125,14,7,0,0.0,0,0,0.0,0,0.0,154.57,9,9
2025-07-13,248.69,0.0,9,0,8,0,31.09,0.0,112,0,27.63,0.0,230,0,75,1,305,1,148,0,57,1,205,1,0.9879000000000001,1.0,0.039,0.0,0.043899999999999995,0.0,14,7,1,0.11109999999999999,0,0,0.0,0,0.0,238.06,15,15
2025-07-14,335.0,0.0,13,0,13,0,25.77,0.0,10,0,25.77,0.0,283,2,85,2,368,4,208,1,68,2,276,3,0.9719,0.6667000000000001,0.0471,0.0,0.0471,0.0,14,7,2,0.15380000000000002,0,0,0.0,0,0.0,338.03,16,16
2025-07-15,237.0,0.0,9,0,9,0,26.33,0.0,10,0,26.33,0.0,233,1,89,2,322,3,148,1,62,2,210,3,0.9926,0.6667000000000001,0.0429,0.0,0.0429,0.0,14,7,1,0.11109999999999999,0,0,0.0,0,0.0,289.27,13,12
2025-07-16,239.0,0.0,10,0,10,0,23.9,0.0,10,0,23.9,0.0,209,0,83,3,292,3,140,0,59,2,199,2,0.988,0.6667000000000001,0.050300000000000004,0.0,0.050300000000000004,0.0,14,7,1,0.1,0,0,0.0,0,0.0,238.02,11,11
2025-07-17,313.0,18.0,12,1,12,1,26.08,18.0,10,10,26.08,18.0,192,5,84,6,276,11,141,5,72,5,213,10,0.9873999999999999,0.7778,0.056299999999999996,0.1,0.056299999999999996,0.1,14,7,0,0.0,0,0,0.0,0,0.0,257.87,13,13
2025-07-18,180.0,0.0,7,0,7,0,25.71,0.0,10,0,25.71,0.0,209,0,61,1,270,1,137,0,42,1,179,1,0.9958,0.0,0.0391,0.0,0.0391,0.0,14,7,1,0.1429,0,0,0.0,0,0.0,154.55,7,7
2025-07-19,273.0,0.0,10,0,10,0,27.3,0.0,10,0,27.3,0.0,176,7,95,0,271,7,127,5,66,0,193,5,0.9956999999999999,1.0,0.0518,0.0,0.0518,0.0,14,7,0,0.0,0,0,0.0,0,0.0,183.47,8,8
2025-07-20,268.0,0.0,11,0,11,0,24.36,0.0,10,0,24.36,0.0,245,1,69,1,314,2,160,1,56,1,216,2,0.9887,1.0,0.0509,0.0,0.0509,0.0,14,7,0,0.0,0,0,0.0,0,0.0,228.93,10,10
